date,check-in,check-out,header1,header2,url,price,guests,bedrooms,beds,baths
2023-11-17,2023-12-17,2023-12-20,Unleash the Fun 2BR Condo Sleeps 7,"Entire condo in Four Corners, Florida",https://www.airbnb.com/rooms/53783060,$134 ,5 guests · , · 2 bedrooms · , · 4 beds · , · 2 baths
2023-11-17,2023-12-17,2023-12-20,Special Offer Champions Gate 2Bedr 2 Bath ME1059,"Entire rental unit in Four Corners, Florida",https://www.airbnb.com/rooms/555296618368262573,$103 ,6 guests · , · 2 bedrooms · , · 3 beds · , · 2 baths
2023-11-17,2023-12-17,2023-12-20,Champions Gate Free Waterpark CR1147,"Entire rental unit in Four Corners, Florida",https://www.airbnb.com/rooms/52715414,$103 ,7 guests · , · 2 bedrooms · , · 4 beds · , · 2 baths
2023-11-17,2023-12-17,2023-12-20,"Free Clubhouse, 2-BDR Retreat!","Entire villa in Four Corners, Florida",https://www.airbnb.com/rooms/573879761085146337,$134 ,6 guests · , · 2 bedrooms · , · 3 beds · , · 2 baths
2023-11-17,2023-12-17,2023-12-20,Fabulous Getaway 2BR condo W/Garage,"Entire condo in Four Corners, Florida",https://www.airbnb.com/rooms/50955338,$186 ,8 guests · , · 2 bedrooms · , · 5 beds · , · 2 baths
2023-11-17,2023-12-17,2023-12-20,Lovely Entire 2BR condo w/Game Room & 2 Water Park,"Entire condo in Four Corners, Florida",https://www.airbnb.com/rooms/53784975,$186 ,9 guests · , · 2 bedrooms · , · 5 beds · , · 2 baths
2023-11-17,2023-12-17,2023-12-20,"Luxury 2BR Condo: Game Room, Pool, Disney Nearby","Entire home in CHAMPIONS GT, Florida",https://www.airbnb.com/rooms/50287188,$61 ,8 guests · , · 2 bedrooms · , · 5 beds · , · 2 baths
2023-11-17,2023-12-17,2023-12-20,"Chic Condo, Spacious, Game Room, Ideal Location","Entire rental unit in Four Corners, Florida",https://www.airbnb.com/rooms/972551791576367216,$167 ,5 guests · , · 2 bedrooms · , · 3 beds · , · 2 baths
2023-11-17,2023-12-17,2023-12-20,Special Offer Champions Gate 2Bedr 2Bath LE1159,"Entire rental unit in Four Corners, Florida",https://www.airbnb.com/rooms/52715413,$103 ,8 guests · , · 2 bedrooms · , · 4 beds · , · 2 baths
2023-11-18,2023-12-18,2023-12-21,Unleash the Fun 2BR Condo Sleeps 7,"Entire condo in Four Corners, Florida",https://www.airbnb.com/rooms/53783060,$134 ,5 guests · , · 2 bedrooms · , · 4 beds · , · 2 baths
2023-11-18,2023-12-18,2023-12-21,Special Offer Champions Gate 2Bedr 2 Bath ME1059,"Entire rental unit in Four Corners, Florida",https://www.airbnb.com/rooms/555296618368262573,$102 ,6 guests · , · 2 bedrooms · , · 3 beds · , · 2 baths
2023-11-18,2023-12-18,2023-12-21,Champions Gate Free Waterpark CR1147,"Entire rental unit in Four Corners, Florida",https://www.airbnb.com/rooms/52715414,$102 ,7 guests · , · 2 bedrooms · , · 4 beds · , · 2 baths
2023-11-18,2023-12-18,2023-12-21,"Free Clubhouse, 2-BDR Retreat!","Entire villa in Four Corners, Florida",https://www.airbnb.com/rooms/573879761085146337,$134 ,6 guests · , · 2 bedrooms · , · 3 beds · , · 2 baths
2023-11-18,2023-12-18,2023-12-21,Exclusive Getaway 2BR condo W/Garage &2 Clubhouses,"Entire condo in Four Corners, Florida",https://www.airbnb.com/rooms/50955338,$176 ,8 guests · , · 2 bedrooms · , · 5 beds · , · 2 baths
2023-11-18,2023-12-18,2023-12-21,Dreamy 2BR condo w/Game Room & 2 Clubhouses,"Entire condo in Four Corners, Florida",https://www.airbnb.com/rooms/53784975,$176 ,9 guests · , · 2 bedrooms · , · 5 beds · , · 2 baths
2023-11-18,2023-12-18,2023-12-21,"Luxury 2BR Condo: Game Room, Pool, Disney Nearby","Entire home in CHAMPIONS GT, Florida",https://www.airbnb.com/rooms/50287188,$61 ,8 guests · , · 2 bedrooms · , · 5 beds · , · 2 baths
2023-11-18,2023-12-18,2023-12-21,"Chic Condo, Spacious, Game Room, Ideal Location","Entire rental unit in Four Corners, Florida",https://www.airbnb.com/rooms/972551791576367216,$173 ,5 guests · , · 2 bedrooms · , · 3 beds · , · 2 baths
2023-11-18,2023-12-18,2023-12-21,,,https://www.airbnb.com/rooms/52715413,$838 ,,,,
2023-11-24,2023-12-24,2023-12-27,Unleash the Fun 2BR Condo Sleeps 7,Translation on,https://www.airbnb.com/rooms/53783060,$184 ,5 guests · , · 2 bedrooms · , · 4 beds · , · 2 baths
2023-11-24,2023-12-24,2023-12-27,Special Offer Champions Gate 2Bedr 2 Bath ME1059,Translation on,https://www.airbnb.com/rooms/555296618368262573,,6 guests · , · 2 bedrooms · , · 3 beds · , · 2 baths
2023-11-24,2023-12-24,2023-12-27,Champions Gate Free Waterpark CR1147,Translation on,https://www.airbnb.com/rooms/52715414,$293 ,7 guests · , · 2 bedrooms · , · 4 beds · , · 2 baths
2023-11-24,2023-12-24,2023-12-27,"Free Clubhouse, 2-BDR Retreat!",Translation on,https://www.airbnb.com/rooms/573879761085146337,$184 ,6 guests · , · 2 bedrooms · , · 3 beds · , · 2 baths
2023-11-24,2023-12-24,2023-12-27,Exclusive Getaway 2BR condo W/Garage &2 Clubhouses,,https://www.airbnb.com/rooms/50955338,$165 ,8 guests · , · 2 bedrooms · , · 5 beds · , · 2 baths
2023-11-24,2023-12-24,2023-12-27,Dreamy 2BR condo w/Game Room & 2 Clubhouses,Translation on,https://www.airbnb.com/rooms/53784975,$165 ,9 guests · , · 2 bedrooms · , · 5 beds · , · 2 baths
2023-11-24,2023-12-24,2023-12-27,"Luxury 2BR Condo: Game Room, Pool, Disney Nearby",Translation on,https://www.airbnb.com/rooms/50287188,$190 ,8 guests · , · 2 bedrooms · , · 5 beds · , · 2 baths
2023-11-24,2023-12-24,2023-12-27,"Chic Condo, Spacious, Game Room, Ideal Location",,https://www.airbnb.com/rooms/972551791576367216,$242 ,5 guests · , · 2 bedrooms · , · 3 beds · , · 2 baths
2023-11-24,2023-12-24,2023-12-27,Special Offer Champions Gate 2Bedr 2Bath LE1159,Translation on,https://www.airbnb.com/rooms/52715413,$293 ,8 guests · , · 2 bedrooms · , · 4 beds · , · 2 baths
2023-11-25,2023-12-25,2023-12-28,Unleash the Fun 2BR Condo Sleeps 7,"Entire condo in Four Corners, Florida",https://www.airbnb.com/rooms/53783060,$184 ,5 guests · , · 2 bedrooms · , · 4 beds · , · 2 baths
2023-11-25,2023-12-25,2023-12-28,Special Offer Champions Gate 2Bedr 2 Bath ME1059,"Entire rental unit in Four Corners, Florida",https://www.airbnb.com/rooms/555296618368262573,,6 guests · , · 2 bedrooms · , · 3 beds · , · 2 baths
2023-11-25,2023-12-25,2023-12-28,Champions Gate Free Waterpark CR1147,"Entire rental unit in Four Corners, Florida",https://www.airbnb.com/rooms/52715414,$293 ,7 guests · , · 2 bedrooms · , · 4 beds · , · 2 baths
2023-11-25,2023-12-25,2023-12-28,"Free Clubhouse, 2-BDR Retreat!","Entire villa in Four Corners, Florida",https://www.airbnb.com/rooms/573879761085146337,$184 ,6 guests · , · 2 bedrooms · , · 3 beds · , · 2 baths
2023-11-25,2023-12-25,2023-12-28,Exclusive Getaway 2BR condo W/Garage &2 Clubhouses,"Entire condo in Four Corners, Florida",https://www.airbnb.com/rooms/50955338,$165 ,8 guests · , · 2 bedrooms · , · 5 beds · , · 2 baths
2023-11-25,2023-12-25,2023-12-28,Dreamy 2BR condo w/Game Room & 2 Clubhouses,"Entire condo in Four Corners, Florida",https://www.airbnb.com/rooms/53784975,$165 ,9 guests · , · 2 bedrooms · , · 5 beds · , · 2 baths
2023-11-25,2023-12-25,2023-12-28,"Luxury 2BR Condo: Game Room, Pool, Disney Nearby","Entire home in CHAMPIONS GT, Florida",https://www.airbnb.com/rooms/50287188,$203 ,8 guests · , · 2 bedrooms · , · 5 beds · , · 2 baths
2023-11-25,2023-12-25,2023-12-28,"Chic Condo, Spacious, Game Room, Ideal Location","Entire rental unit in Four Corners, Florida",https://www.airbnb.com/rooms/972551791576367216,$237 ,5 guests · , · 2 bedrooms · , · 3 beds · , · 2 baths
2023-11-25,2023-12-25,2023-12-28,Special Offer Champions Gate 2Bedr 2Bath LE1159,"Entire rental unit in Four Corners, Florida",https://www.airbnb.com/rooms/52715413,$293 ,8 guests · , · 2 bedrooms · , · 4 beds · , · 2 baths
2023-11-25,2023-12-25,2023-12-28,ICON Coral Condo | Free Pool Spa HotTub,"Entire rental unit in Miami, Florida",https://www.airbnb.com/rooms/813144546737768657,$269 ,4 guests · , · 1 bedroom · , · 1 bed · , · 1 bath
2023-11-25,2023-12-25,2023-12-28,*ICONIC W ICON CONDO- POOL & OCEAN VIEWS -FREESPA*,"Entire rental unit in Miami, Florida",https://www.airbnb.com/rooms/52204247,$300 ,5 guests · , · 1 bedroom · , · 1 bed · , · 1 bath
2023-11-25,2023-12-25,2023-12-28,44 Floor @ ICON - Miami Brickell +GYM+SPA+POOL,"Entire condo in Miami, Florida",https://www.airbnb.com/rooms/28495929,$221 ,4 guests · , · Studio · , · 3 beds · , · 1 bath
2023-11-25,2023-12-25,2023-12-28,Icon Brickell Luxury 1/1 Pool!,"Entire rental unit in Miami, Florida",https://www.airbnb.com/rooms/887635284203805688,$228 ,4 guests · , · 1 bedroom · , · 2 beds · , · 1 bath
2023-11-26,2023-12-26,2023-12-29,Unleash the Fun 2BR Condo Sleeps 7,"Entire condo in Four Corners, Florida",https://www.airbnb.com/rooms/53783060,$184 ,5 guests · , · 2 bedrooms · , · 4 beds · , · 2 baths
2023-11-26,2023-12-26,2023-12-29,Special Offer Champions Gate 2Bedr 2 Bath ME1059,"Entire rental unit in Four Corners, Florida",https://www.airbnb.com/rooms/555296618368262573,,6 guests · , · 2 bedrooms · , · 3 beds · , · 2 baths
2023-11-26,2023-12-26,2023-12-29,Champions Gate Free Waterpark CR1147,"Entire rental unit in Four Corners, Florida",https://www.airbnb.com/rooms/52715414,$303 ,7 guests · , · 2 bedrooms · , · 4 beds · , · 2 baths
2023-11-26,2023-12-26,2023-12-29,"Free Clubhouse, 2-BDR Retreat!","Entire villa in Four Corners, Florida",https://www.airbnb.com/rooms/573879761085146337,$184 ,6 guests · , · 2 bedrooms · , · 3 beds · , · 2 baths
2023-11-26,2023-12-26,2023-12-29,Exclusive Getaway 2BR condo W/Garage &2 Clubhouses,"Entire condo in Four Corners, Florida",https://www.airbnb.com/rooms/50955338,$165 ,8 guests · , · 2 bedrooms · , · 5 beds · , · 2 baths
2023-11-26,2023-12-26,2023-12-29,Dreamy 2BR condo w/Game Room & 2 Clubhouses,"Entire condo in Four Corners, Florida",https://www.airbnb.com/rooms/53784975,$165 ,9 guests · , · 2 bedrooms · , · 5 beds · , · 2 baths
2023-11-26,2023-12-26,2023-12-29,"Luxury 2BR Condo: Game Room, Pool, Disney Nearby","Entire home in CHAMPIONS GT, Florida",https://www.airbnb.com/rooms/50287188,$203 ,8 guests · , · 2 bedrooms · , · 5 beds · , · 2 baths
2023-11-26,2023-12-26,2023-12-29,"Chic Condo, Spacious, Game Room, Ideal Location","Entire rental unit in Four Corners, Florida",https://www.airbnb.com/rooms/972551791576367216,$234 ,5 guests · , · 2 bedrooms · , · 3 beds · , · 2 baths
2023-11-26,2023-12-26,2023-12-29,Special Offer Champions Gate 2Bedr 2Bath LE1159,"Entire rental unit in Four Corners, Florida",https://www.airbnb.com/rooms/52715413,$303 ,8 guests · , · 2 bedrooms · , · 4 beds · , · 2 baths
2023-11-26,2023-12-26,2023-12-29,ICON Coral Condo | Free Pool Spa HotTub,"Entire rental unit in Miami, Florida",https://www.airbnb.com/rooms/813144546737768657,$345 ,4 guests · , · 1 bedroom · , · 1 bed · , · 1 bath
2023-11-26,2023-12-26,2023-12-29,*ICONIC W ICON CONDO- POOL & OCEAN VIEWS -FREESPA*,"Entire rental unit in Miami, Florida",https://www.airbnb.com/rooms/52204247,,5 guests · , · 1 bedroom · , · 1 bed · , · 1 bath
2023-11-26,2023-12-26,2023-12-29,44 Floor @ ICON - Miami Brickell +GYM+SPA+POOL,"Entire condo in Miami, Florida",https://www.airbnb.com/rooms/28495929,$184 ,4 guests · , · Studio · , · 3 beds · , · 1 bath
2023-11-26,2023-12-26,2023-12-29,Icon Brickell Luxury 1/1 Pool!,"Entire rental unit in Miami, Florida",https://www.airbnb.com/rooms/887635284203805688,$230 ,4 guests · , · 1 bedroom · , · 2 beds · , · 1 bath
2023-11-27,2023-12-27,2023-12-30,Unleash the Fun 2BR Condo Sleeps 7,"Entire condo in Four Corners, Florida",https://www.airbnb.com/rooms/53783060,$187 ,5 guests · , · 2 bedrooms · , · 4 beds · , · 2 baths
2023-11-27,2023-12-27,2023-12-30,Special Offer Champions Gate 2Bedr 2 Bath ME1059,"Entire rental unit in Four Corners, Florida",https://www.airbnb.com/rooms/555296618368262573,,6 guests · , · 2 bedrooms · , · 3 beds · , · 2 baths
2023-11-27,2023-12-27,2023-12-30,Champions Gate Free Waterpark CR1147,"Entire rental unit in Four Corners, Florida",https://www.airbnb.com/rooms/52715414,$303 ,7 guests · , · 2 bedrooms · , · 4 beds · , · 2 baths
2023-11-27,2023-12-27,2023-12-30,"Free Clubhouse, 2-BDR Retreat!","Entire villa in Four Corners, Florida",https://www.airbnb.com/rooms/573879761085146337,$187 ,6 guests · , · 2 bedrooms · , · 3 beds · , · 2 baths
2023-11-27,2023-12-27,2023-12-30,Exclusive Getaway 2BR condo W/Garage &2 Clubhouses,"Entire condo in Four Corners, Florida",https://www.airbnb.com/rooms/50955338,$182 ,8 guests · , · 2 bedrooms · , · 5 beds · , · 2 baths
2023-11-27,2023-12-27,2023-12-30,Dreamy 2BR condo w/Game Room & 2 Clubhouses,"Entire condo in Four Corners, Florida",https://www.airbnb.com/rooms/53784975,$182 ,9 guests · , · 2 bedrooms · , · 5 beds · , · 2 baths
2023-11-27,2023-12-27,2023-12-30,"Luxury 2BR Condo: Game Room, Pool, Disney Nearby","Entire home in CHAMPIONS GT, Florida",https://www.airbnb.com/rooms/50287188,$203 ,8 guests · , · 2 bedrooms · , · 5 beds · , · 2 baths
2023-11-27,2023-12-27,2023-12-30,"Chic Condo, Spacious, Game Room, Ideal Location","Entire rental unit in Four Corners, Florida",https://www.airbnb.com/rooms/972551791576367216,$246 ,5 guests · , · 2 bedrooms · , · 3 beds · , · 2 baths
2023-11-27,2023-12-27,2023-12-30,Special Offer Champions Gate 2Bedr 2Bath LE1159,"Entire rental unit in Four Corners, Florida",https://www.airbnb.com/rooms/52715413,$303 ,8 guests · , · 2 bedrooms · , · 4 beds · , · 2 baths
2023-11-27,2023-12-27,2023-12-30,ICON Coral Condo | Free Pool Spa HotTub,"Entire rental unit in Miami, Florida",https://www.airbnb.com/rooms/813144546737768657,$413 ,4 guests · , · 1 bedroom · , · 1 bed · , · 1 bath
2023-11-27,2023-12-27,2023-12-30,*ICONIC W ICON CONDO- POOL & OCEAN VIEWS -FREESPA*,"Entire rental unit in Miami, Florida",https://www.airbnb.com/rooms/52204247,,5 guests · , · 1 bedroom · , · 1 bed · , · 1 bath
2023-11-27,2023-12-27,2023-12-30,44 Floor @ ICON - Miami Brickell +GYM+SPA+POOL,"Entire condo in Miami, Florida",https://www.airbnb.com/rooms/28495929,$139 ,4 guests · , · Studio · , · 3 beds · , · 1 bath
2023-11-27,2023-12-27,2023-12-30,Icon Brickell Luxury 1/1 Pool!,"Entire rental unit in Miami, Florida",https://www.airbnb.com/rooms/887635284203805688,$265 ,4 guests · , · 1 bedroom · , · 2 beds · , · 1 bath
2023-11-28,2023-12-28,2023-12-31,Unleash the Fun 2BR Condo Sleeps 7,Translation on,https://www.airbnb.com/rooms/53783060,$190 ,5 guests · , · 2 bedrooms · , · 4 beds · , · 2 baths
2023-11-28,2023-12-28,2023-12-31,Special Offer Champions Gate 2Bedr 2 Bath ME1059,Translation on,https://www.airbnb.com/rooms/555296618368262573,,6 guests · , · 2 bedrooms · , · 3 beds · , · 2 baths
2023-11-28,2023-12-28,2023-12-31,Champions Gate Free Waterpark CR1147,Translation on,https://www.airbnb.com/rooms/52715414,$303 ,7 guests · , · 2 bedrooms · , · 4 beds · , · 2 baths
2023-11-28,2023-12-28,2023-12-31,"Free Clubhouse, 2-BDR Retreat!",Translation on,https://www.airbnb.com/rooms/573879761085146337,$190 ,6 guests · , · 2 bedrooms · , · 3 beds · , · 2 baths
2023-11-28,2023-12-28,2023-12-31,Exclusive Getaway 2BR condo W/Garage &2 Clubhouses,,https://www.airbnb.com/rooms/50955338,$209 ,8 guests · , · 2 bedrooms · , · 5 beds · , · 2 baths
2023-11-28,2023-12-28,2023-12-31,Dreamy 2BR condo w/Game Room & 2 Clubhouses,Translation on,https://www.airbnb.com/rooms/53784975,$209 ,9 guests · , · 2 bedrooms · , · 5 beds · , · 2 baths
2023-11-28,2023-12-28,2023-12-31,"Luxury 2BR Condo: Game Room, Pool, Disney Nearby",Translation on,https://www.airbnb.com/rooms/50287188,$203 ,8 guests · , · 2 bedrooms · , · 5 beds · , · 2 baths
2023-11-28,2023-12-28,2023-12-31,"Chic Condo, Spacious, Game Room, Ideal Location",,https://www.airbnb.com/rooms/972551791576367216,$252 ,5 guests · , · 2 bedrooms · , · 3 beds · , · 2 baths
2023-11-28,2023-12-28,2023-12-31,,,https://www.airbnb.com/rooms/52715413,$254 ,,,,
2023-11-28,2023-12-28,2023-12-31,ICON Coral Condo | Free Pool Spa HotTub,Translation on,https://www.airbnb.com/rooms/813144546737768657,$479 ,4 guests · , · 1 bedroom · , · 1 bed · , · 1 bath
2023-11-28,2023-12-28,2023-12-31,*ICONIC W ICON CONDO- POOL & OCEAN VIEWS -FREESPA*,,https://www.airbnb.com/rooms/52204247,,5 guests · , · 1 bedroom · , · 1 bed · , · 1 bath
2023-11-28,2023-12-28,2023-12-31,44 Floor @ ICON - Miami Brickell +GYM+SPA+POOL,Translation on,https://www.airbnb.com/rooms/28495929,$140 ,4 guests · , · Studio · , · 3 beds · , · 1 bath
2023-11-28,2023-12-28,2023-12-31,Icon Brickell Luxury 1/1 Pool!,,https://www.airbnb.com/rooms/887635284203805688,$290 ,4 guests · , · 1 bedroom · , · 2 beds · , · 1 bath
2023-11-29,2023-12-29,2024-01-01,Unleash the Fun 2BR Condo Sleeps 7,"Entire condo in Four Corners, Florida",https://www.airbnb.com/rooms/53783060,$190 ,5 guests · , · 2 bedrooms · , · 4 beds · , · 2 baths
2023-11-29,2023-12-29,2024-01-01,Special Offer Champions Gate 2Bedr 2 Bath ME1059,"Entire rental unit in Four Corners, Florida",https://www.airbnb.com/rooms/555296618368262573,,6 guests · , · 2 bedrooms · , · 3 beds · , · 2 baths
2023-11-29,2023-12-29,2024-01-01,Champions Gate Free Waterpark CR1147,"Entire rental unit in Four Corners, Florida",https://www.airbnb.com/rooms/52715414,$303 ,7 guests · , · 2 bedrooms · , · 4 beds · , · 2 baths
2023-11-29,2023-12-29,2024-01-01,"Free Clubhouse, 2-BDR Retreat!","Entire villa in Four Corners, Florida",https://www.airbnb.com/rooms/573879761085146337,$190 ,6 guests · , · 2 bedrooms · , · 3 beds · , · 2 baths
2023-11-29,2023-12-29,2024-01-01,Exclusive Getaway 2BR condo W/Garage &2 Clubhouses,"Entire condo in Four Corners, Florida",https://www.airbnb.com/rooms/50955338,$220 ,8 guests · , · 2 bedrooms · , · 5 beds · , · 2 baths
2023-11-29,2023-12-29,2024-01-01,Dreamy 2BR condo w/Game Room & 2 Clubhouses,"Entire condo in Four Corners, Florida",https://www.airbnb.com/rooms/53784975,$220 ,9 guests · , · 2 bedrooms · , · 5 beds · , · 2 baths
2023-11-29,2023-12-29,2024-01-01,"Luxury 2BR Condo: Game Room, Pool, Disney Nearby","Entire home in CHAMPIONS GT, Florida",https://www.airbnb.com/rooms/50287188,$203 ,8 guests · , · 2 bedrooms · , · 5 beds · , · 2 baths
2023-11-29,2023-12-29,2024-01-01,"Chic Condo, Spacious, Game Room, Ideal Location","Entire rental unit in Four Corners, Florida",https://www.airbnb.com/rooms/972551791576367216,$254 ,5 guests · , · 2 bedrooms · , · 3 beds · , · 2 baths
2023-11-29,2023-12-29,2024-01-01,,,https://www.airbnb.com/rooms/52715413,$254 ,,,,
2023-11-29,2023-12-29,2024-01-01,ICON Coral Condo | Free Pool Spa HotTub,"Entire rental unit in Miami, Florida",https://www.airbnb.com/rooms/813144546737768657,$479 ,4 guests · , · 1 bedroom · , · 1 bed · , · 1 bath
2023-11-29,2023-12-29,2024-01-01,*ICONIC W ICON CONDO- POOL & OCEAN VIEWS -FREESPA*,"Entire rental unit in Miami, Florida",https://www.airbnb.com/rooms/52204247,$483 ,5 guests · , · 1 bedroom · , · 1 bed · , · 1 bath
2023-11-29,2023-12-29,2024-01-01,44 Floor @ ICON - Miami Brickell +GYM+SPA+POOL,"Entire condo in Miami, Florida",https://www.airbnb.com/rooms/28495929,$305 ,4 guests · , · Studio · , · 3 beds · , · 1 bath
2023-11-29,2023-12-29,2024-01-01,Icon Brickell Luxury 1/1 Pool!,"Entire rental unit in Miami, Florida",https://www.airbnb.com/rooms/887635284203805688,$370 ,4 guests · , · 1 bedroom · , · 2 beds · , · 1 bath
2023-11-30,2023-12-30,2024-01-02,Unleash the Fun 2BR Condo Sleeps 7,"Entire condo in Four Corners, Florida",https://www.airbnb.com/rooms/53783060,$187 ,5 guests · , · 2 bedrooms · , · 4 beds · , · 2 baths
2023-11-30,2023-12-30,2024-01-02,Special Offer Champions Gate 2Bedr 2 Bath ME1059,"Entire rental unit in Four Corners, Florida",https://www.airbnb.com/rooms/555296618368262573,,6 guests · , · 2 bedrooms · , · 3 beds · , · 2 baths
2023-11-30,2023-12-30,2024-01-02,Champions Gate Free Waterpark CR1147,"Entire rental unit in Four Corners, Florida",https://www.airbnb.com/rooms/52715414,$303 ,7 guests · , · 2 bedrooms · , · 4 beds · , · 2 baths
2023-11-30,2023-12-30,2024-01-02,"Free Clubhouse, 2-BDR Retreat!","Entire villa in Four Corners, Florida",https://www.airbnb.com/rooms/573879761085146337,$187 ,6 guests · , · 2 bedrooms · , · 3 beds · , · 2 baths
2023-11-30,2023-12-30,2024-01-02,Exclusive Getaway 2BR condo W/Garage &2 Clubhouses,"Entire condo in Four Corners, Florida",https://www.airbnb.com/rooms/50955338,$231 ,8 guests · , · 2 bedrooms · , · 5 beds · , · 2 baths
2023-11-30,2023-12-30,2024-01-02,Dreamy 2BR condo w/Game Room & 2 Clubhouses,"Entire condo in Four Corners, Florida",https://www.airbnb.com/rooms/53784975,$231 ,9 guests · , · 2 bedrooms · , · 5 beds · , · 2 baths
2023-11-30,2023-12-30,2024-01-02,"Luxury 2BR Condo: Game Room, Pool, Disney Nearby","Entire home in CHAMPIONS GT, Florida",https://www.airbnb.com/rooms/50287188,$181 ,8 guests · , · 2 bedrooms · , · 5 beds · , · 2 baths
2023-11-30,2023-12-30,2024-01-02,"Chic Condo, Spacious, Game Room, Ideal Location","Entire rental unit in Four Corners, Florida",https://www.airbnb.com/rooms/972551791576367216,$246 ,5 guests · , · 2 bedrooms · , · 3 beds · , · 2 baths
2023-11-30,2023-12-30,2024-01-02,,,https://www.airbnb.com/rooms/52715413,$129 ,,,,
2023-11-30,2023-12-30,2024-01-02,ICON Coral Condo | Free Pool Spa HotTub,"Entire rental unit in Miami, Florida",https://www.airbnb.com/rooms/813144546737768657,$424 ,4 guests · , · 1 bedroom · , · 1 bed · , · 1 bath
2023-11-30,2023-12-30,2024-01-02,*ICONIC W ICON CONDO- POOL & OCEAN VIEWS -FREESPA*,"Entire rental unit in Miami, Florida",https://www.airbnb.com/rooms/52204247,$483 ,5 guests · , · 1 bedroom · , · 1 bed · , · 1 bath
2023-11-30,2023-12-30,2024-01-02,44 Floor @ ICON - Miami Brickell +GYM+SPA+POOL,"Entire condo in Miami, Florida",https://www.airbnb.com/rooms/28495929,$287 ,4 guests · , · Studio · , · 3 beds · , · 1 bath
2023-11-30,2023-12-30,2024-01-02,Icon Brickell Luxury 1/1 Pool!,"Entire rental unit in Miami, Florida",https://www.airbnb.com/rooms/887635284203805688,$343 ,4 guests · , · 1 bedroom · , · 2 beds · , · 1 bath
2023-12-01,2023-12-31,2024-01-03,,,https://www.airbnb.com/rooms/53783060,$167 ,,,,
2023-12-01,2023-12-31,2024-01-03,,,https://www.airbnb.com/rooms/555296618368262573,,,,,
2023-12-01,2023-12-31,2024-01-03,,,https://www.airbnb.com/rooms/52715414,$303 ,,,,
2023-12-01,2023-12-31,2024-01-03,,,https://www.airbnb.com/rooms/573879761085146337,$167 ,,,,
2023-12-01,2023-12-31,2024-01-03,,,https://www.airbnb.com/rooms/50955338,$244 ,,,,
2023-12-01,2023-12-31,2024-01-03,,,https://www.airbnb.com/rooms/53784975,$244 ,,,,
2023-12-01,2023-12-31,2024-01-03,,,https://www.airbnb.com/rooms/50287188,$143 ,,,,
2023-12-01,2023-12-31,2024-01-03,,,https://www.airbnb.com/rooms/972551791576367216,$226 ,,,,
2023-12-01,2023-12-31,2024-01-03,,,https://www.airbnb.com/rooms/52715413,$165 ,,,,
2023-12-01,2023-12-31,2024-01-03,,,https://www.airbnb.com/rooms/813144546737768657,$343 ,,,,
2023-12-01,2023-12-31,2024-01-03,,,https://www.airbnb.com/rooms/52204247,$483 ,,,,
2023-12-01,2023-12-31,2024-01-03,,,https://www.airbnb.com/rooms/28495929,$256 ,,,,
2023-12-01,2023-12-31,2024-01-03,,,https://www.airbnb.com/rooms/887635284203805688,$310 ,,,,
2023-12-02,2024-01-01,2024-01-04,,,https://www.airbnb.com/rooms/53783060,$151 ,,,,
2023-12-02,2024-01-01,2024-01-04,,,https://www.airbnb.com/rooms/555296618368262573,,,,,
2023-12-02,2024-01-01,2024-01-04,,,https://www.airbnb.com/rooms/52715414,$303 ,,,,
2023-12-02,2024-01-01,2024-01-04,,,https://www.airbnb.com/rooms/573879761085146337,$151 ,,,,
2023-12-02,2024-01-01,2024-01-04,,,https://www.airbnb.com/rooms/50955338,$233 ,,,,
2023-12-02,2024-01-01,2024-01-04,,,https://www.airbnb.com/rooms/53784975,$233 ,,,,
2023-12-02,2024-01-01,2024-01-04,,,https://www.airbnb.com/rooms/50287188,,,,,
2023-12-02,2024-01-01,2024-01-04,,,https://www.airbnb.com/rooms/972551791576367216,$203 ,,,,
2023-12-02,2024-01-01,2024-01-04,,,https://www.airbnb.com/rooms/52715413,$129 ,,,,
2023-12-02,2024-01-01,2024-01-04,,,https://www.airbnb.com/rooms/813144546737768657,$311 ,,,,
2023-12-02,2024-01-01,2024-01-04,,,https://www.airbnb.com/rooms/52204247,$390 ,,,,
2023-12-02,2024-01-01,2024-01-04,,,https://www.airbnb.com/rooms/28495929,$195 ,,,,
2023-12-02,2024-01-01,2024-01-04,,,https://www.airbnb.com/rooms/887635284203805688,$222 ,,,,
2023-12-03,2024-01-02,2024-01-05,,,https://www.airbnb.com/rooms/53783060,$134 ,,,,
2023-12-03,2024-01-02,2024-01-05,,,https://www.airbnb.com/rooms/555296618368262573,$244 ,,,,
2023-12-03,2024-01-02,2024-01-05,,,https://www.airbnb.com/rooms/52715414,$244 ,,,,
2023-12-03,2024-01-02,2024-01-05,,,https://www.airbnb.com/rooms/573879761085146337,$134 ,,,,
2023-12-03,2024-01-02,2024-01-05,,,https://www.airbnb.com/rooms/50955338,$222 ,,,,
2023-12-03,2024-01-02,2024-01-05,,,https://www.airbnb.com/rooms/53784975,$222 ,,,,
2023-12-03,2024-01-02,2024-01-05,,,https://www.airbnb.com/rooms/50287188,,,,,
2023-12-03,2024-01-02,2024-01-05,,,https://www.airbnb.com/rooms/972551791576367216,$185 ,,,,
2023-12-03,2024-01-02,2024-01-05,,,https://www.airbnb.com/rooms/52715413,$273 ,,,,
2023-12-03,2024-01-02,2024-01-05,,,https://www.airbnb.com/rooms/813144546737768657,$253 ,,,,
2023-12-03,2024-01-02,2024-01-05,,,https://www.airbnb.com/rooms/52204247,$330 ,,,,
2023-12-03,2024-01-02,2024-01-05,,,https://www.airbnb.com/rooms/28495929,$179 ,,,,
2023-12-03,2024-01-02,2024-01-05,,,https://www.airbnb.com/rooms/887635284203805688,,,,,
2023-12-04,2024-01-03,2024-01-06,,,https://www.airbnb.com/rooms/53783060,$136 ,,,,
2023-12-04,2024-01-03,2024-01-06,,,https://www.airbnb.com/rooms/555296618368262573,$191 ,,,,
2023-12-04,2024-01-03,2024-01-06,,,https://www.airbnb.com/rooms/52715414,$191 ,,,,
2023-12-04,2024-01-03,2024-01-06,,,https://www.airbnb.com/rooms/573879761085146337,$136 ,,,,
2023-12-04,2024-01-03,2024-01-06,,,https://www.airbnb.com/rooms/50955338,$210 ,,,,
2023-12-04,2024-01-03,2024-01-06,,,https://www.airbnb.com/rooms/53784975,$210 ,,,,
2023-12-04,2024-01-03,2024-01-06,,,https://www.airbnb.com/rooms/50287188,,,,,
2023-12-04,2024-01-03,2024-01-06,,,https://www.airbnb.com/rooms/972551791576367216,$182 ,,,,
2023-12-04,2024-01-03,2024-01-06,,,https://www.airbnb.com/rooms/52715413,$836 ,,,,
2023-12-04,2024-01-03,2024-01-06,,,https://www.airbnb.com/rooms/813144546737768657,$233 ,,,,
2023-12-04,2024-01-03,2024-01-06,,,https://www.airbnb.com/rooms/52204247,$288 ,,,,
2023-12-04,2024-01-03,2024-01-06,,,https://www.airbnb.com/rooms/28495929,$187 ,,,,
2023-12-04,2024-01-03,2024-01-06,,,https://www.airbnb.com/rooms/887635284203805688,$225 ,,,,
2023-12-05,2024-01-04,2024-01-07,,,https://www.airbnb.com/rooms/53783060,$138 ,,,,
2023-12-05,2024-01-04,2024-01-07,,,https://www.airbnb.com/rooms/555296618368262573,$137 ,,,,
2023-12-05,2024-01-04,2024-01-07,,,https://www.airbnb.com/rooms/52715414,$137 ,,,,
2023-12-05,2024-01-04,2024-01-07,,,https://www.airbnb.com/rooms/573879761085146337,$138 ,,,,
2023-12-05,2024-01-04,2024-01-07,,,https://www.airbnb.com/rooms/50955338,$212 ,,,,
2023-12-05,2024-01-04,2024-01-07,,,https://www.airbnb.com/rooms/53784975,$212 ,,,,
2023-12-05,2024-01-04,2024-01-07,,,https://www.airbnb.com/rooms/50287188,,,,,
2023-12-05,2024-01-04,2024-01-07,,,https://www.airbnb.com/rooms/972551791576367216,$186 ,,,,
2023-12-05,2024-01-04,2024-01-07,,,https://www.airbnb.com/rooms/52715413,$129 ,,,,
2023-12-05,2024-01-04,2024-01-07,,,https://www.airbnb.com/rooms/813144546737768657,$232 ,,,,
2023-12-05,2024-01-04,2024-01-07,,,https://www.airbnb.com/rooms/52204247,$307 ,,,,
2023-12-05,2024-01-04,2024-01-07,,,https://www.airbnb.com/rooms/28495929,$195 ,,,,
2023-12-05,2024-01-04,2024-01-07,,,https://www.airbnb.com/rooms/887635284203805688,$235 ,,,,
2023-12-06,2024-01-05,2024-01-08,Unleash the Fun 2BR Condo Sleeps 7,"Entire condo in Four Corners, Florida",https://www.airbnb.com/rooms/53783060,$138 ,,,,
2023-12-06,2024-01-05,2024-01-08,Special Offer Champions Gate 2Bedr 2 Bath ME1059,"Entire rental unit in Four Corners, Florida",https://www.airbnb.com/rooms/555296618368262573,$137 ,,,,
2023-12-06,2024-01-05,2024-01-08,Champions Gate Free Waterpark CR1147,"Entire rental unit in Four Corners, Florida",https://www.airbnb.com/rooms/52715414,$137 ,,,,
2023-12-06,2024-01-05,2024-01-08,"Free Clubhouse, 2-BDR Retreat!","Entire villa in Four Corners, Florida",https://www.airbnb.com/rooms/573879761085146337,$138 ,,,,
2023-12-06,2024-01-05,2024-01-08,Exclusive Getaway 2BR condo W/Garage &2 Clubhouses,"Entire condo in Four Corners, Florida",https://www.airbnb.com/rooms/50955338,$197 ,,,,
2023-12-06,2024-01-05,2024-01-08,Dreamy 2BR condo w/Game Room & 2 Clubhouses,"Entire condo in Four Corners, Florida",https://www.airbnb.com/rooms/53784975,$197 ,,,,
2023-12-06,2024-01-05,2024-01-08,"Luxury 2BR Condo: Game Room, Pool, Disney Nearby","Entire home in CHAMPIONS GT, Florida",https://www.airbnb.com/rooms/50287188,$100 ,,,,
2023-12-06,2024-01-05,2024-01-08,"Chic Condo, Spacious, Game Room, Ideal Location","Entire rental unit in Four Corners, Florida",https://www.airbnb.com/rooms/972551791576367216,$182 ,,,,
2023-12-06,2024-01-05,2024-01-08,,,https://www.airbnb.com/rooms/52715413,$240 ,,,,
2023-12-06,2024-01-05,2024-01-08,ICON Coral Condo | Free Pool Spa HotTub,"Entire rental unit in Miami, Florida",https://www.airbnb.com/rooms/813144546737768657,$234 ,,,,
2023-12-06,2024-01-05,2024-01-08,*ICONIC W ICON CONDO- POOL & OCEAN VIEWS -FREESPA*,"Entire rental unit in Miami, Florida",https://www.airbnb.com/rooms/52204247,$310 ,,,,
2023-12-06,2024-01-05,2024-01-08,44 Floor @ ICON - Miami Brickell +GYM+SPA+POOL,"Entire condo in Miami, Florida",https://www.airbnb.com/rooms/28495929,$198 ,,,,
2023-12-06,2024-01-05,2024-01-08,Icon Brickell Luxury 1/1 Pool!,"Entire rental unit in Miami, Florida",https://www.airbnb.com/rooms/887635284203805688,$247 ,,,,
2023-12-07,2024-01-06,2024-01-09,Unleash the Fun 2BR Condo Sleeps 7,"Entire condo in Four Corners, Florida",https://www.airbnb.com/rooms/53783060,,,,,
2023-12-07,2024-01-06,2024-01-09,Special Offer Champions Gate 2Bedr 2 Bath ME1059,"Entire rental unit in Four Corners, Florida",https://www.airbnb.com/rooms/555296618368262573,,,,,
2023-12-07,2024-01-06,2024-01-09,Champions Gate Free Waterpark CR1147,"Entire rental unit in Four Corners, Florida",https://www.airbnb.com/rooms/52715414,$132 ,,,,
2023-12-07,2024-01-06,2024-01-09,"Free Clubhouse, 2-BDR Retreat!","Entire villa in Four Corners, Florida",https://www.airbnb.com/rooms/573879761085146337,,,,,
2023-12-07,2024-01-06,2024-01-09,Lovely Hideaway 2BR condo W/Garage &2 Clubhouses,"Entire condo in Four Corners, Florida",https://www.airbnb.com/rooms/50955338,,,,,
2023-12-07,2024-01-06,2024-01-09,Trendy 2BR condo w/Game Room & 2 Clubhouses,"Entire condo in Four Corners, Florida",https://www.airbnb.com/rooms/53784975,,,,,
2023-12-07,2024-01-06,2024-01-09,"Luxury 2BR Condo: Game Room, Pool, Disney Nearby","Entire home in CHAMPIONS GT, Florida",https://www.airbnb.com/rooms/50287188,,,,,
2023-12-07,2024-01-06,2024-01-09,"Chic Condo, Spacious, Game Room, Ideal Location","Entire rental unit in Four Corners, Florida",https://www.airbnb.com/rooms/972551791576367216,$169 ,,,,
2023-12-07,2024-01-06,2024-01-09,,,https://www.airbnb.com/rooms/52715413,$997 ,,,,
2023-12-07,2024-01-06,2024-01-09,ICON Coral Condo | Free Pool Spa HotTub,"Entire rental unit in Miami, Florida",https://www.airbnb.com/rooms/813144546737768657,,,,,
2023-12-07,2024-01-06,2024-01-09,*ICONIC W ICON CONDO- POOL & OCEAN VIEWS -FREESPA*,"Entire rental unit in Miami, Florida",https://www.airbnb.com/rooms/52204247,,,,,
2023-12-07,2024-01-06,2024-01-09,44 Floor @ ICON - Miami Brickell +GYM+SPA+POOL,"Entire condo in Miami, Florida",https://www.airbnb.com/rooms/28495929,$162 ,,,,
2023-12-07,2024-01-06,2024-01-09,Icon Brickell Luxury 1/1 Pool!,"Entire rental unit in Miami, Florida",https://www.airbnb.com/rooms/887635284203805688,$240 ,,,,
2023-12-08,2024-01-07,2024-01-10,Unleash the Fun 2BR Condo Sleeps 7,"Entire condo in Four Corners, Florida",https://www.airbnb.com/rooms/53783060,,,,,
2023-12-08,2024-01-07,2024-01-10,Special Offer Champions Gate 2Bedr 2 Bath ME1059,"Entire rental unit in Four Corners, Florida",https://www.airbnb.com/rooms/555296618368262573,,,,,
2023-12-08,2024-01-07,2024-01-10,Champions Gate Free Waterpark CR1147,"Entire rental unit in Four Corners, Florida",https://www.airbnb.com/rooms/52715414,$126 ,,,,
2023-12-08,2024-01-07,2024-01-10,"Free Clubhouse, 2-BDR Retreat!","Entire villa in Four Corners, Florida",https://www.airbnb.com/rooms/573879761085146337,,,,,
2023-12-08,2024-01-07,2024-01-10,Lovely Hideaway 2BR condo W/Garage &2 Clubhouses,"Entire condo in Four Corners, Florida",https://www.airbnb.com/rooms/50955338,,,,,
2023-12-08,2024-01-07,2024-01-10,Trendy 2BR condo w/Game Room & 2 Clubhouses,"Entire condo in Four Corners, Florida",https://www.airbnb.com/rooms/53784975,,,,,
2023-12-08,2024-01-07,2024-01-10,"Luxury 2BR Condo: Game Room, Pool, Disney Nearby","Entire home in CHAMPIONS GT, Florida",https://www.airbnb.com/rooms/50287188,,,,,
2023-12-08,2024-01-07,2024-01-10,"Chic Condo, Spacious, Game Room, Ideal Location","Entire rental unit in Four Corners, Florida",https://www.airbnb.com/rooms/972551791576367216,$162 ,,,,
2023-12-08,2024-01-07,2024-01-10,,,https://www.airbnb.com/rooms/52715413,$129 ,,,,
2023-12-08,2024-01-07,2024-01-10,ICON Coral Condo | Free Pool Spa HotTub,"Entire rental unit in Miami, Florida",https://www.airbnb.com/rooms/813144546737768657,,,,,
2023-12-08,2024-01-07,2024-01-10,*ICONIC W ICON CONDO- POOL & OCEAN VIEWS -FREESPA*,"Entire rental unit in Miami, Florida",https://www.airbnb.com/rooms/52204247,,,,,
2023-12-08,2024-01-07,2024-01-10,44 Floor @ ICON - Miami Brickell +GYM+SPA+POOL,"Entire condo in Miami, Florida",https://www.airbnb.com/rooms/28495929,$181 ,,,,
2023-12-08,2024-01-07,2024-01-10,Icon Brickell Luxury 1/1 Pool!,"Entire rental unit in Miami, Florida",https://www.airbnb.com/rooms/887635284203805688,$225 ,,,,
2023-12-09,2024-01-08,2024-01-11,Unleash the Fun 2BR Condo Sleeps 7,"Entire condo in Four Corners, Florida",https://www.airbnb.com/rooms/53783060,,,,,
2023-12-09,2024-01-08,2024-01-11,Special Offer Champions Gate 2Bedr 2 Bath ME1059,"Entire rental unit in Four Corners, Florida",https://www.airbnb.com/rooms/555296618368262573,,,,,
2023-12-09,2024-01-08,2024-01-11,Champions Gate Free Waterpark CR1147,"Entire rental unit in Four Corners, Florida",https://www.airbnb.com/rooms/52715414,$126 ,,,,
2023-12-09,2024-01-08,2024-01-11,"Free Clubhouse, 2-BDR Retreat!","Entire villa in Four Corners, Florida",https://www.airbnb.com/rooms/573879761085146337,,,,,
2023-12-09,2024-01-08,2024-01-11,Lovely Hideaway 2BR condo W/Garage &2 Clubhouses,"Entire condo in Four Corners, Florida",https://www.airbnb.com/rooms/50955338,,,,,
2023-12-09,2024-01-08,2024-01-11,Trendy 2BR condo w/Game Room & 2 Clubhouses,"Entire condo in Four Corners, Florida",https://www.airbnb.com/rooms/53784975,,,,,
2023-12-09,2024-01-08,2024-01-11,"Luxury 2BR Condo: Game Room, Pool, Disney Nearby","Entire home in CHAMPIONS GT, Florida",https://www.airbnb.com/rooms/50287188,,,,,
2023-12-09,2024-01-08,2024-01-11,"Chic Condo, Spacious, Game Room, Ideal Location","Entire rental unit in Four Corners, Florida",https://www.airbnb.com/rooms/972551791576367216,$165 ,,,,
2023-12-09,2024-01-08,2024-01-11,,,https://www.airbnb.com/rooms/52715413,$214 ,,,,
2023-12-09,2024-01-08,2024-01-11,ICON Coral Condo | Free Pool Spa HotTub,"Entire rental unit in Miami, Florida",https://www.airbnb.com/rooms/813144546737768657,$206 ,,,,
2023-12-09,2024-01-08,2024-01-11,*ICONIC W ICON CONDO- POOL & OCEAN VIEWS -FREESPA*,"Entire rental unit in Miami, Florida",https://www.airbnb.com/rooms/52204247,,,,,
2023-12-09,2024-01-08,2024-01-11,44 Floor @ ICON - Miami Brickell +GYM+SPA+POOL,"Entire condo in Miami, Florida",https://www.airbnb.com/rooms/28495929,$182 ,,,,
2023-12-09,2024-01-08,2024-01-11,Icon Brickell Luxury 1/1 Pool!,"Entire rental unit in Miami, Florida",https://www.airbnb.com/rooms/887635284203805688,,,,,
2023-12-10,2024-01-09,2024-01-12,Unleash the Fun 2BR Condo Sleeps 7,"Entire condo in Four Corners, Florida",https://www.airbnb.com/rooms/53783060,,,,,
2023-12-10,2024-01-09,2024-01-12,Special Offer Champions Gate 2Bedr 2 Bath ME1059,"Entire rental unit in Four Corners, Florida",https://www.airbnb.com/rooms/555296618368262573,,,,,
2023-12-10,2024-01-09,2024-01-12,Champions Gate Free Waterpark CR1147,"Entire rental unit in Four Corners, Florida",https://www.airbnb.com/rooms/52715414,$126 ,,,,
2023-12-10,2024-01-09,2024-01-12,"Free Clubhouse, 2-BDR Retreat!","Entire villa in Four Corners, Florida",https://www.airbnb.com/rooms/573879761085146337,,,,,
2023-12-10,2024-01-09,2024-01-12,Lovely Hideaway 2BR condo W/Garage &2 Clubhouses,"Entire condo in Four Corners, Florida",https://www.airbnb.com/rooms/50955338,,,,,
2023-12-10,2024-01-09,2024-01-12,Trendy 2BR condo w/Game Room & 2 Clubhouses,"Entire condo in Four Corners, Florida",https://www.airbnb.com/rooms/53784975,,,,,
2023-12-10,2024-01-09,2024-01-12,"Luxury 2BR Condo: Game Room, Pool, Disney Nearby","Entire home in CHAMPIONS GT, Florida",https://www.airbnb.com/rooms/50287188,,,,,
2023-12-10,2024-01-09,2024-01-12,"Chic Condo, Spacious, Game Room, Ideal Location","Entire rental unit in Four Corners, Florida",https://www.airbnb.com/rooms/972551791576367216,$165 ,,,,
2023-12-10,2024-01-09,2024-01-12,,,https://www.airbnb.com/rooms/52715413,$213 ,,,,
2023-12-10,2024-01-09,2024-01-12,ICON Coral Condo | Free Pool Spa HotTub,"Entire rental unit in Miami, Florida",https://www.airbnb.com/rooms/813144546737768657,$218 ,,,,
2023-12-10,2024-01-09,2024-01-12,*ICONIC W ICON CONDO- POOL & OCEAN VIEWS -FREESPA*,"Entire rental unit in Miami, Florida",https://www.airbnb.com/rooms/52204247,,,,,
2023-12-10,2024-01-09,2024-01-12,44 Floor @ ICON - Miami Brickell +GYM+SPA+POOL,"Entire condo in Miami, Florida",https://www.airbnb.com/rooms/28495929,,,,,
2023-12-10,2024-01-09,2024-01-12,Icon Brickell Luxury 1/1 Pool!,"Entire rental unit in Miami, Florida",https://www.airbnb.com/rooms/887635284203805688,,,,,
2023-12-11,2024-01-10,2024-01-13,Unleash the Fun 2BR Condo Sleeps 7,"Entire condo in Four Corners, Florida",https://www.airbnb.com/rooms/53783060,,,,,
2023-12-11,2024-01-10,2024-01-13,Special Offer Champions Gate 2Bedr 2 Bath ME1059,"Entire rental unit in Four Corners, Florida",https://www.airbnb.com/rooms/555296618368262573,,,,,
2023-12-11,2024-01-10,2024-01-13,Champions Gate Free Waterpark CR1147,"Entire rental unit in Four Corners, Florida",https://www.airbnb.com/rooms/52715414,$132 ,,,,
2023-12-11,2024-01-10,2024-01-13,"Free Clubhouse, 2-BDR Retreat!","Entire villa in Four Corners, Florida",https://www.airbnb.com/rooms/573879761085146337,,,,,
2023-12-11,2024-01-10,2024-01-13,Lovely Hideaway 2BR condo W/Garage &2 Clubhouses,"Entire condo in Four Corners, Florida",https://www.airbnb.com/rooms/50955338,,,,,
2023-12-11,2024-01-10,2024-01-13,Trendy 2BR condo w/Game Room & 2 Clubhouses,"Entire condo in Four Corners, Florida",https://www.airbnb.com/rooms/53784975,,,,,
2023-12-11,2024-01-10,2024-01-13,"Luxury 2BR Condo: Game Room, Pool, Disney Nearby","Entire home in CHAMPIONS GT, Florida",https://www.airbnb.com/rooms/50287188,,,,,
2023-12-11,2024-01-10,2024-01-13,"Chic Condo, Spacious, Game Room, Ideal Location","Entire rental unit in Four Corners, Florida",https://www.airbnb.com/rooms/972551791576367216,$169 ,,,,
2023-12-11,2024-01-10,2024-01-13,,,https://www.airbnb.com/rooms/52715413,$159 ,,,,
2023-12-11,2024-01-10,2024-01-13,ICON Coral Condo | Free Pool Spa HotTub,"Entire rental unit in Miami, Florida",https://www.airbnb.com/rooms/813144546737768657,$262 ,,,,
2023-12-11,2024-01-10,2024-01-13,*ICONIC W ICON CONDO- POOL & OCEAN VIEWS -FREESPA*,"Entire rental unit in Miami, Florida",https://www.airbnb.com/rooms/52204247,,,,,
2023-12-11,2024-01-10,2024-01-13,44 Floor @ ICON - Miami Brickell +GYM+SPA+POOL,"Entire condo in Miami, Florida",https://www.airbnb.com/rooms/28495929,,,,,
2023-12-11,2024-01-10,2024-01-13,Icon Brickell Luxury 1/1 Pool!,"Entire rental unit in Miami, Florida",https://www.airbnb.com/rooms/887635284203805688,,,,,
2023-12-12,2024-01-11,2024-01-14,Unleash the Fun 2BR Condo Sleeps 7,"Entire condo in Four Corners, Florida",https://www.airbnb.com/rooms/53783060,,,,,
2023-12-12,2024-01-11,2024-01-14,Special Offer Champions Gate 2Bedr 2 Bath ME1059,"Entire rental unit in Four Corners, Florida",https://www.airbnb.com/rooms/555296618368262573,,,,,
2023-12-12,2024-01-11,2024-01-14,Champions Gate Free Waterpark CR1147,"Entire rental unit in Four Corners, Florida",https://www.airbnb.com/rooms/52715414,$137 ,,,,
2023-12-12,2024-01-11,2024-01-14,"Free Clubhouse, 2-BDR Retreat!","Entire villa in Four Corners, Florida",https://www.airbnb.com/rooms/573879761085146337,,,,,
2023-12-12,2024-01-11,2024-01-14,Lovely Hideaway 2BR condo W/Garage &2 Clubhouses,"Entire condo in Four Corners, Florida",https://www.airbnb.com/rooms/50955338,,,,,
2023-12-12,2024-01-11,2024-01-14,Trendy 2BR condo w/Game Room & 2 Clubhouses,"Entire condo in Four Corners, Florida",https://www.airbnb.com/rooms/53784975,,,,,
2023-12-12,2024-01-11,2024-01-14,"Luxury 2BR Condo: Game Room, Pool, Disney Nearby","Entire home in CHAMPIONS GT, Florida",https://www.airbnb.com/rooms/50287188,,,,,
2023-12-12,2024-01-11,2024-01-14,"Chic Condo, Spacious, Game Room, Ideal Location","Entire rental unit in Four Corners, Florida",https://www.airbnb.com/rooms/972551791576367216,$182 ,,,,
2023-12-12,2024-01-11,2024-01-14,,,https://www.airbnb.com/rooms/52715413,$83 ,,,,
2023-12-12,2024-01-11,2024-01-14,ICON Coral Condo | Free Pool Spa HotTub,"Entire rental unit in Miami, Florida",https://www.airbnb.com/rooms/813144546737768657,$297 ,,,,
2023-12-12,2024-01-11,2024-01-14,*ICONIC W ICON CONDO- POOL & OCEAN VIEWS -FREESPA*,"Entire rental unit in Miami, Florida",https://www.airbnb.com/rooms/52204247,,,,,
2023-12-12,2024-01-11,2024-01-14,44 Floor @ ICON - Miami Brickell +GYM+SPA+POOL,"Entire condo in Miami, Florida",https://www.airbnb.com/rooms/28495929,,,,,
2023-12-12,2024-01-11,2024-01-14,Icon Brickell Luxury 1/1 Pool!,"Entire rental unit in Miami, Florida",https://www.airbnb.com/rooms/887635284203805688,,,,,
2023-12-13,2024-01-12,2024-01-15,Unleash the Fun 2BR Condo Sleeps 7,Translation on,https://www.airbnb.com/rooms/53783060,,,,,
2023-12-13,2024-01-12,2024-01-15,Special Offer Champions Gate 2Bedr 2 Bath ME1059,Translation on,https://www.airbnb.com/rooms/555296618368262573,,,,,
2023-12-13,2024-01-12,2024-01-15,Champions Gate Free Waterpark CR1147,Translation on,https://www.airbnb.com/rooms/52715414,$137 ,,,,
2023-12-13,2024-01-12,2024-01-15,"Free Clubhouse, 2-BDR Retreat!",Translation on,https://www.airbnb.com/rooms/573879761085146337,,,,,
2023-12-13,2024-01-12,2024-01-15,Lovely Hideaway 2BR condo W/Garage &2 Clubhouses,Translation on,https://www.airbnb.com/rooms/50955338,,,,,
2023-12-13,2024-01-12,2024-01-15,Trendy 2BR condo w/Game Room & 2 Clubhouses,Translation on,https://www.airbnb.com/rooms/53784975,,,,,
2023-12-13,2024-01-12,2024-01-15,"Luxury 2BR Condo: Game Room, Pool, Disney Nearby",Translation on,https://www.airbnb.com/rooms/50287188,,,,,
2023-12-13,2024-01-12,2024-01-15,"Chic Condo, Spacious, Game Room, Ideal Location",,https://www.airbnb.com/rooms/972551791576367216,$183 ,,,,
2023-12-13,2024-01-12,2024-01-15,,,https://www.airbnb.com/rooms/52715413,$997 ,,,,
2023-12-13,2024-01-12,2024-01-15,ICON Coral Condo | Free Pool Spa HotTub,,https://www.airbnb.com/rooms/813144546737768657,$300 ,,,,
2023-12-13,2024-01-12,2024-01-15,*ICONIC W ICON CONDO- POOL & OCEAN VIEWS -FREESPA*,,https://www.airbnb.com/rooms/52204247,,,,,
2023-12-13,2024-01-12,2024-01-15,44 Floor @ ICON - Miami Brickell +GYM+SPA+POOL,Translation on,https://www.airbnb.com/rooms/28495929,$238 ,,,,
2023-12-13,2024-01-12,2024-01-15,Icon Brickell Luxury 1/1 Pool!,,https://www.airbnb.com/rooms/887635284203805688,,,,,
2023-12-14,2024-01-13,2024-01-16,Unleash the Fun 2BR Condo Sleeps 7,"Entire condo in Four Corners, Florida",https://www.airbnb.com/rooms/53783060,$136 ,,,,
2023-12-14,2024-01-13,2024-01-16,Special Offer Champions Gate 2Bedr 2 Bath ME1059,"Entire rental unit in Four Corners, Florida",https://www.airbnb.com/rooms/555296618368262573,,,,,
2023-12-14,2024-01-13,2024-01-16,Champions Gate Free Waterpark CR1147,"Entire rental unit in Four Corners, Florida",https://www.airbnb.com/rooms/52715414,$132 ,,,,
2023-12-14,2024-01-13,2024-01-16,"Free Clubhouse, 2-BDR Retreat!","Entire villa in Four Corners, Florida",https://www.airbnb.com/rooms/573879761085146337,,,,,
2023-12-14,2024-01-13,2024-01-16,Lovely Hideaway 2BR condo W/Garage &2 Clubhouses,"Entire condo in Four Corners, Florida",https://www.airbnb.com/rooms/50955338,,,,,
2023-12-14,2024-01-13,2024-01-16,Trendy 2BR condo w/Game Room & 2 Clubhouses,"Entire condo in Four Corners, Florida",https://www.airbnb.com/rooms/53784975,,,,,
2023-12-14,2024-01-13,2024-01-16,"Luxury 2BR Condo: Game Room, Pool, Disney Nearby","Entire home in CHAMPIONS GT, Florida",https://www.airbnb.com/rooms/50287188,,,,,
2023-12-14,2024-01-13,2024-01-16,"Chic Condo, Spacious, Game Room, Ideal Location","Entire rental unit in Four Corners, Florida",https://www.airbnb.com/rooms/972551791576367216,$180 ,,,,
2023-12-14,2024-01-13,2024-01-16,,,https://www.airbnb.com/rooms/52715413,$319 ,,,,
2023-12-14,2024-01-13,2024-01-16,ICON Coral Condo | Free Pool Spa HotTub,"Entire rental unit in Miami, Florida",https://www.airbnb.com/rooms/813144546737768657,$259 ,,,,
2023-12-14,2024-01-13,2024-01-16,*ICONIC W ICON CONDO- POOL & OCEAN VIEWS -FREESPA*,"Entire rental unit in Miami, Florida",https://www.airbnb.com/rooms/52204247,,,,,
2023-12-14,2024-01-13,2024-01-16,44 Floor @ ICON - Miami Brickell +GYM+SPA+POOL,"Entire condo in Miami, Florida",https://www.airbnb.com/rooms/28495929,$213 ,,,,
2023-12-14,2024-01-13,2024-01-16,Icon Brickell Luxury 1/1 Pool!,"Entire rental unit in Miami, Florida",https://www.airbnb.com/rooms/887635284203805688,,,,,
2023-12-15,2024-01-14,2024-01-17,Unleash the Fun 2BR Condo Sleeps 7,"Entire condo in Four Corners, Florida",https://www.airbnb.com/rooms/53783060,$134 ,,,,
2023-12-15,2024-01-14,2024-01-17,Special Offer Champions Gate 2Bedr 2 Bath ME1059,"Entire rental unit in Four Corners, Florida",https://www.airbnb.com/rooms/555296618368262573,,,,,
2023-12-15,2024-01-14,2024-01-17,Champions Gate Free Waterpark CR1147,"Entire rental unit in Four Corners, Florida",https://www.airbnb.com/rooms/52715414,,,,,
2023-12-15,2024-01-14,2024-01-17,"Free Clubhouse, 2-BDR Retreat!","Entire villa in Four Corners, Florida",https://www.airbnb.com/rooms/573879761085146337,,,,,
2023-12-15,2024-01-14,2024-01-17,Lovely Hideaway 2BR condo W/Garage &2 Clubhouses,"Entire condo in Four Corners, Florida",https://www.airbnb.com/rooms/50955338,,,,,
2023-12-15,2024-01-14,2024-01-17,Trendy 2BR condo w/Game Room & 2 Clubhouses,"Entire condo in Four Corners, Florida",https://www.airbnb.com/rooms/53784975,,,,,
2023-12-15,2024-01-14,2024-01-17,"Luxury 2BR Condo: Game Room, Pool, Disney Nearby","Entire home in CHAMPIONS GT, Florida",https://www.airbnb.com/rooms/50287188,,,,,
2023-12-15,2024-01-14,2024-01-17,"Chic Condo, Spacious, Game Room, Ideal Location","Entire rental unit in Four Corners, Florida",https://www.airbnb.com/rooms/972551791576367216,,,,,
2023-12-15,2024-01-14,2024-01-17,,,https://www.airbnb.com/rooms/52715413,$83 ,,,,
2023-12-15,2024-01-14,2024-01-17,ICON Coral Condo | Free Pool Spa HotTub,"Entire rental unit in Miami, Florida",https://www.airbnb.com/rooms/813144546737768657,$222 ,,,,
2023-12-15,2024-01-14,2024-01-17,*ICONIC W ICON CONDO- POOL & OCEAN VIEWS -FREESPA*,"Entire rental unit in Miami, Florida",https://www.airbnb.com/rooms/52204247,,,,,
2023-12-15,2024-01-14,2024-01-17,,,https://www.airbnb.com/rooms/28495929,$83 ,,,,
2023-12-15,2024-01-14,2024-01-17,Icon Brickell Luxury 1/1 Pool!,"Entire rental unit in Miami, Florida",https://www.airbnb.com/rooms/887635284203805688,,,,,
2023-12-16,2024-01-15,2024-01-18,Unleash the Fun 2BR Condo Sleeps 7,"Entire condo in Four Corners, Florida",https://www.airbnb.com/rooms/53783060,$134 ,,,,
2023-12-16,2024-01-15,2024-01-18,Special Offer Champions Gate 2Bedr 2 Bath ME1059,"Entire rental unit in Four Corners, Florida",https://www.airbnb.com/rooms/555296618368262573,,,,,
2023-12-16,2024-01-15,2024-01-18,Champions Gate Free Waterpark CR1147,"Entire rental unit in Four Corners, Florida",https://www.airbnb.com/rooms/52715414,,,,,
2023-12-16,2024-01-15,2024-01-18,"Free Clubhouse, 2-BDR Retreat!","Entire villa in Four Corners, Florida",https://www.airbnb.com/rooms/573879761085146337,,,,,
2023-12-16,2024-01-15,2024-01-18,Lovely Hideaway 2BR condo W/Garage &2 Clubhouses,"Entire condo in Four Corners, Florida",https://www.airbnb.com/rooms/50955338,,,,,
2023-12-16,2024-01-15,2024-01-18,Trendy 2BR condo w/Game Room & 2 Clubhouses,"Entire condo in Four Corners, Florida",https://www.airbnb.com/rooms/53784975,,,,,
2023-12-16,2024-01-15,2024-01-18,"Luxury 2BR Condo: Game Room, Pool, Disney Nearby","Entire home in CHAMPIONS GT, Florida",https://www.airbnb.com/rooms/50287188,,,,,
2023-12-16,2024-01-15,2024-01-18,"Chic Condo, Spacious, Game Room, Ideal Location","Entire rental unit in Four Corners, Florida",https://www.airbnb.com/rooms/972551791576367216,,,,,
2023-12-16,2024-01-15,2024-01-18,,,https://www.airbnb.com/rooms/52715413,$90 ,,,,
2023-12-16,2024-01-15,2024-01-18,ICON Coral Condo | Free Pool Spa HotTub,"Entire rental unit in Miami, Florida",https://www.airbnb.com/rooms/813144546737768657,$207 ,,,,
2023-12-16,2024-01-15,2024-01-18,*ICONIC W ICON CONDO- POOL & OCEAN VIEWS -FREESPA*,"Entire rental unit in Miami, Florida",https://www.airbnb.com/rooms/52204247,,,,,
2023-12-16,2024-01-15,2024-01-18,,,https://www.airbnb.com/rooms/28495929,$90 ,,,,
2023-12-16,2024-01-15,2024-01-18,Icon Brickell Luxury 1/1 Pool!,"Entire rental unit in Miami, Florida",https://www.airbnb.com/rooms/887635284203805688,,,,,
2023-12-17,2024-01-16,2024-01-19,Unleash the Fun 2BR Condo Sleeps 7,"Entire condo in Four Corners, Florida",https://www.airbnb.com/rooms/53783060,$134 ,,,,
2023-12-17,2024-01-16,2024-01-19,Special Offer Champions Gate 2Bedr 2 Bath ME1059,"Entire rental unit in Four Corners, Florida",https://www.airbnb.com/rooms/555296618368262573,,,,,
2023-12-17,2024-01-16,2024-01-19,Champions Gate Free Waterpark CR1147,"Entire rental unit in Four Corners, Florida",https://www.airbnb.com/rooms/52715414,,,,,
2023-12-17,2024-01-16,2024-01-19,"Free Clubhouse, 2-BDR Retreat!","Entire villa in Four Corners, Florida",https://www.airbnb.com/rooms/573879761085146337,$134 ,,,,
2023-12-17,2024-01-16,2024-01-19,Lovely Hideaway 2BR condo W/Garage &2 Clubhouses,"Entire condo in Four Corners, Florida",https://www.airbnb.com/rooms/50955338,,,,,
2023-12-17,2024-01-16,2024-01-19,Trendy 2BR condo w/Game Room & 2 Clubhouses,"Entire condo in Four Corners, Florida",https://www.airbnb.com/rooms/53784975,,,,,
2023-12-17,2024-01-16,2024-01-19,"Luxury 2BR Condo: Game Room, Pool, Disney Nearby","Entire home in CHAMPIONS GT, Florida",https://www.airbnb.com/rooms/50287188,,,,,
2023-12-17,2024-01-16,2024-01-19,"Chic Condo, Spacious, Game Room, Ideal Location","Entire rental unit in Four Corners, Florida",https://www.airbnb.com/rooms/972551791576367216,,,,,
2023-12-17,2024-01-16,2024-01-19,,,https://www.airbnb.com/rooms/52715413,$169 ,,,,
2023-12-17,2024-01-16,2024-01-19,ICON Coral Condo | Free Pool Spa HotTub,"Entire rental unit in Miami, Florida",https://www.airbnb.com/rooms/813144546737768657,,,,,
2023-12-17,2024-01-16,2024-01-19,*ICONIC W ICON CONDO- POOL & OCEAN VIEWS -FREESPA*,"Entire rental unit in Miami, Florida",https://www.airbnb.com/rooms/52204247,,,,,
2023-12-17,2024-01-16,2024-01-19,,,https://www.airbnb.com/rooms/28495929,$169 ,,,,
2023-12-17,2024-01-16,2024-01-19,Icon Brickell Luxury 1/1 Pool!,"Entire rental unit in Miami, Florida",https://www.airbnb.com/rooms/887635284203805688,,,,,
2023-12-18,2024-01-17,2024-01-20,Unleash the Fun 2BR Condo Sleeps 7,"Entire condo in Four Corners, Florida",https://www.airbnb.com/rooms/53783060,$136 ,,,,
2023-12-18,2024-01-17,2024-01-20,Special Offer Champions Gate 2Bedr 2 Bath ME1059,"Entire rental unit in Four Corners, Florida",https://www.airbnb.com/rooms/555296618368262573,,,,,
2023-12-18,2024-01-17,2024-01-20,Champions Gate Free Waterpark CR1147,"Entire rental unit in Four Corners, Florida",https://www.airbnb.com/rooms/52715414,,,,,
2023-12-18,2024-01-17,2024-01-20,"Free Clubhouse, 2-BDR Retreat!","Entire villa in Four Corners, Florida",https://www.airbnb.com/rooms/573879761085146337,$136 ,,,,
2023-12-18,2024-01-17,2024-01-20,Relaxing 2BR condo W/Garage &2 Clubhouses,"Entire condo in Four Corners, Florida",https://www.airbnb.com/rooms/50955338,,,,,
2023-12-18,2024-01-17,2024-01-20,Unbeatable 2BR condo w/Game Room & 2 Clubhouses,"Entire condo in Four Corners, Florida",https://www.airbnb.com/rooms/53784975,,,,,
2023-12-18,2024-01-17,2024-01-20,"Luxury 2BR Condo: Game Room, Pool, Disney Nearby","Entire home in CHAMPIONS GT, Florida",https://www.airbnb.com/rooms/50287188,,,,,
2023-12-18,2024-01-17,2024-01-20,"Chic Condo, Spacious, Game Room, Ideal Location","Entire rental unit in Four Corners, Florida",https://www.airbnb.com/rooms/972551791576367216,,,,,
2023-12-18,2024-01-17,2024-01-20,,,https://www.airbnb.com/rooms/52715413,$75 ,,,,
2023-12-18,2024-01-17,2024-01-20,ICON Coral Condo | Free Pool Spa HotTub,"Entire rental unit in Miami, Florida",https://www.airbnb.com/rooms/813144546737768657,,,,,
2023-12-18,2024-01-17,2024-01-20,*ICONIC W ICON CONDO- POOL & OCEAN VIEWS -FREESPA*,"Entire rental unit in Miami, Florida",https://www.airbnb.com/rooms/52204247,,,,,
2023-12-18,2024-01-17,2024-01-20,,,https://www.airbnb.com/rooms/28495929,$75 ,,,,
2023-12-18,2024-01-17,2024-01-20,Icon Brickell Luxury 1/1 Pool!,"Entire rental unit in Miami, Florida",https://www.airbnb.com/rooms/887635284203805688,,,,,
2023-12-19,2024-01-18,2024-01-21,Unleash the Fun 2BR Condo Sleeps 7,"Entire condo in Four Corners, Florida",https://www.airbnb.com/rooms/53783060,$138 ,,,,
2023-12-19,2024-01-18,2024-01-21,Special Offer Champions Gate 2Bedr 2 Bath ME1059,"Entire rental unit in Four Corners, Florida",https://www.airbnb.com/rooms/555296618368262573,,,,,
2023-12-19,2024-01-18,2024-01-21,Champions Gate Free Waterpark CR1147,"Entire rental unit in Four Corners, Florida",https://www.airbnb.com/rooms/52715414,,,,,
2023-12-19,2024-01-18,2024-01-21,"Free Clubhouse, 2-BDR Retreat!","Entire villa in Four Corners, Florida",https://www.airbnb.com/rooms/573879761085146337,,,,,
2023-12-19,2024-01-18,2024-01-21,Relaxing 2BR condo W/Garage &2 Clubhouses,"Entire condo in Four Corners, Florida",https://www.airbnb.com/rooms/50955338,,,,,
2023-12-19,2024-01-18,2024-01-21,Unbeatable 2BR condo w/Game Room & 2 Clubhouses,"Entire condo in Four Corners, Florida",https://www.airbnb.com/rooms/53784975,,,,,
2023-12-19,2024-01-18,2024-01-21,"Luxury 2BR Condo: Game Room, Pool, Disney Nearby","Entire home in CHAMPIONS GT, Florida",https://www.airbnb.com/rooms/50287188,,,,,
2023-12-19,2024-01-18,2024-01-21,"Chic Condo, Spacious, Game Room, Ideal Location","Entire rental unit in Four Corners, Florida",https://www.airbnb.com/rooms/972551791576367216,,,,,
2023-12-19,2024-01-18,2024-01-21,,,https://www.airbnb.com/rooms/52715413,$358 ,,,,
2023-12-19,2024-01-18,2024-01-21,ICON Coral Condo | Free Pool Spa HotTub,"Entire rental unit in Miami, Florida",https://www.airbnb.com/rooms/813144546737768657,,,,,
2023-12-19,2024-01-18,2024-01-21,*ICONIC W ICON CONDO- POOL & OCEAN VIEWS -FREESPA*,"Entire rental unit in Miami, Florida",https://www.airbnb.com/rooms/52204247,,,,,
2023-12-19,2024-01-18,2024-01-21,,,https://www.airbnb.com/rooms/28495929,$358 ,,,,
2023-12-19,2024-01-18,2024-01-21,Icon Brickell Luxury 1/1 Pool!,"Entire rental unit in Miami, Florida",https://www.airbnb.com/rooms/887635284203805688,,,,,
2023-12-20,2024-01-19,2024-01-22,Unleash the Fun 2BR Condo Sleeps 7,"Entire condo in Four Corners, Florida",https://www.airbnb.com/rooms/53783060,$138 ,,,,
2023-12-20,2024-01-19,2024-01-22,Special Offer Champions Gate 2Bedr 2 Bath ME1059,"Entire rental unit in Four Corners, Florida",https://www.airbnb.com/rooms/555296618368262573,,,,,
2023-12-20,2024-01-19,2024-01-22,Champions Gate Free Waterpark CR1147,"Entire rental unit in Four Corners, Florida",https://www.airbnb.com/rooms/52715414,,,,,
2023-12-20,2024-01-19,2024-01-22,"Free Clubhouse, 2-BDR Retreat!","Entire villa in Four Corners, Florida",https://www.airbnb.com/rooms/573879761085146337,,,,,
2023-12-20,2024-01-19,2024-01-22,Relaxing 2BR condo W/Garage &2 Clubhouses,"Entire condo in Four Corners, Florida",https://www.airbnb.com/rooms/50955338,,,,,
2023-12-20,2024-01-19,2024-01-22,Unbeatable 2BR condo w/Game Room & 2 Clubhouses,"Entire condo in Four Corners, Florida",https://www.airbnb.com/rooms/53784975,,,,,
2023-12-20,2024-01-19,2024-01-22,"Luxury 2BR Condo: Game Room, Pool, Disney Nearby","Entire home in CHAMPIONS GT, Florida",https://www.airbnb.com/rooms/50287188,,,,,
2023-12-20,2024-01-19,2024-01-22,"Chic Condo, Spacious, Game Room, Ideal Location","Entire rental unit in Four Corners, Florida",https://www.airbnb.com/rooms/972551791576367216,,,,,
2023-12-20,2024-01-19,2024-01-22,,,https://www.airbnb.com/rooms/52715413,$93 ,,,,
2023-12-20,2024-01-19,2024-01-22,ICON Coral Condo | Free Pool Spa HotTub,"Entire rental unit in Miami, Florida",https://www.airbnb.com/rooms/813144546737768657,,,,,
2023-12-20,2024-01-19,2024-01-22,*ICONIC W ICON CONDO- POOL & OCEAN VIEWS -FREESPA*,"Entire rental unit in Miami, Florida",https://www.airbnb.com/rooms/52204247,,,,,
2023-12-20,2024-01-19,2024-01-22,,,https://www.airbnb.com/rooms/28495929,$93 ,,,,
2023-12-20,2024-01-19,2024-01-22,Icon Brickell Luxury 1/1 Pool!,"Entire rental unit in Miami, Florida",https://www.airbnb.com/rooms/887635284203805688,$220 ,,,,
2023-12-21,2024-01-20,2024-01-23,Unleash the Fun 2BR Condo Sleeps 7,"Entire condo in Four Corners, Florida",https://www.airbnb.com/rooms/53783060,$136 ,,,,
2023-12-21,2024-01-20,2024-01-23,Special Offer Champions Gate 2Bedr 2 Bath ME1059,"Entire rental unit in Four Corners, Florida",https://www.airbnb.com/rooms/555296618368262573,,,,,
2023-12-21,2024-01-20,2024-01-23,Champions Gate Free Waterpark CR1147,"Entire rental unit in Four Corners, Florida",https://www.airbnb.com/rooms/52715414,,,,,
2023-12-21,2024-01-20,2024-01-23,"Free Clubhouse, 2-BDR Retreat!","Entire villa in Four Corners, Florida",https://www.airbnb.com/rooms/573879761085146337,,,,,
2023-12-21,2024-01-20,2024-01-23,Relaxing 2BR condo W/Garage &2 Clubhouses,"Entire condo in Four Corners, Florida",https://www.airbnb.com/rooms/50955338,,,,,
2023-12-21,2024-01-20,2024-01-23,Unbeatable 2BR condo w/Game Room & 2 Clubhouses,"Entire condo in Four Corners, Florida",https://www.airbnb.com/rooms/53784975,,,,,
2023-12-21,2024-01-20,2024-01-23,"Luxury 2BR Condo: Game Room, Pool, Disney Nearby","Entire home in CHAMPIONS GT, Florida",https://www.airbnb.com/rooms/50287188,,,,,
2023-12-21,2024-01-20,2024-01-23,"Chic Condo, Spacious, Game Room, Ideal Location","Entire rental unit in Four Corners, Florida",https://www.airbnb.com/rooms/972551791576367216,,,,,
2023-12-21,2024-01-20,2024-01-23,,,https://www.airbnb.com/rooms/52715413,$93 ,,,,
2023-12-21,2024-01-20,2024-01-23,ICON Coral Condo | Free Pool Spa HotTub,"Entire rental unit in Miami, Florida",https://www.airbnb.com/rooms/813144546737768657,,,,,
2023-12-21,2024-01-20,2024-01-23,*ICONIC W ICON CONDO- POOL & OCEAN VIEWS -FREESPA*,"Entire rental unit in Miami, Florida",https://www.airbnb.com/rooms/52204247,,,,,
2023-12-21,2024-01-20,2024-01-23,,,https://www.airbnb.com/rooms/28495929,$93 ,,,,
2023-12-21,2024-01-20,2024-01-23,Icon Brickell Luxury 1/1 Pool!,"Entire rental unit in Miami, Florida",https://www.airbnb.com/rooms/887635284203805688,,,,,
2023-12-22,2024-01-21,2024-01-24,Unleash the Fun 2BR Condo Sleeps 7,"Entire condo in Four Corners, Florida",https://www.airbnb.com/rooms/53783060,,,,,
2023-12-22,2024-01-21,2024-01-24,Special Offer Champions Gate 2Bedr 2 Bath ME1059,"Entire rental unit in Four Corners, Florida",https://www.airbnb.com/rooms/555296618368262573,,,,,
2023-12-22,2024-01-21,2024-01-24,Champions Gate Free Waterpark CR1147,"Entire rental unit in Four Corners, Florida",https://www.airbnb.com/rooms/52715414,,,,,
2023-12-22,2024-01-21,2024-01-24,"Free Clubhouse, 2-BDR Retreat!","Entire villa in Four Corners, Florida",https://www.airbnb.com/rooms/573879761085146337,,,,,
2023-12-22,2024-01-21,2024-01-24,Relaxing 2BR condo W/Game Room &2 Clubhouses,"Entire condo in Four Corners, Florida",https://www.airbnb.com/rooms/50955338,,,,,
2023-12-22,2024-01-21,2024-01-24,Unbeatable 2BR condo w/Game Room & 2 Clubhouses,"Entire condo in Four Corners, Florida",https://www.airbnb.com/rooms/53784975,,,,,
2023-12-22,2024-01-21,2024-01-24,"Luxury 2BR Condo: Game Room, Pool, Disney Nearby","Entire home in CHAMPIONS GT, Florida",https://www.airbnb.com/rooms/50287188,,,,,
2023-12-22,2024-01-21,2024-01-24,"Chic Condo, Spacious, Game Room, Ideal Location","Entire rental unit in Four Corners, Florida",https://www.airbnb.com/rooms/972551791576367216,,,,,
2023-12-22,2024-01-21,2024-01-24,,,https://www.airbnb.com/rooms/52715413,$85 ,,,,
2023-12-22,2024-01-21,2024-01-24,ICON Coral Condo | Free Pool Spa HotTub,"Entire rental unit in Miami, Florida",https://www.airbnb.com/rooms/813144546737768657,,,,,
2023-12-22,2024-01-21,2024-01-24,*ICONIC W ICON CONDO- POOL & OCEAN VIEWS -FREESPA*,"Entire rental unit in Miami, Florida",https://www.airbnb.com/rooms/52204247,,,,,
2023-12-22,2024-01-21,2024-01-24,,,https://www.airbnb.com/rooms/28495929,$85 ,,,,
2023-12-22,2024-01-21,2024-01-24,Icon Brickell Luxury 1/1 Pool!,"Entire rental unit in Miami, Florida",https://www.airbnb.com/rooms/887635284203805688,,,,,
2023-12-23,2024-01-22,2024-01-25,Unleash the Fun 2BR Condo Sleeps 7,"Entire condo in Four Corners, Florida",https://www.airbnb.com/rooms/53783060,,,,,
2023-12-23,2024-01-22,2024-01-25,Special Offer Champions Gate 2Bedr 2 Bath ME1059,"Entire rental unit in Four Corners, Florida",https://www.airbnb.com/rooms/555296618368262573,,,,,
2023-12-23,2024-01-22,2024-01-25,Champions Gate Free Waterpark CR1147,"Entire rental unit in Four Corners, Florida",https://www.airbnb.com/rooms/52715414,,,,,
2023-12-23,2024-01-22,2024-01-25,"Free Clubhouse, 2-BDR Retreat!","Entire villa in Four Corners, Florida",https://www.airbnb.com/rooms/573879761085146337,,,,,
2023-12-23,2024-01-22,2024-01-25,Relaxing 2BR condo W/Game Room &2 Clubhouses,"Entire condo in Four Corners, Florida",https://www.airbnb.com/rooms/50955338,,,,,
2023-12-23,2024-01-22,2024-01-25,Charming Entire 2BR W/Game Room & 2 Clubhouses,"Entire condo in Four Corners, Florida",https://www.airbnb.com/rooms/53784975,,,,,
2023-12-23,2024-01-22,2024-01-25,"Luxury 2BR Condo: Game Room, Pool, Disney Nearby","Entire home in CHAMPIONS GT, Florida",https://www.airbnb.com/rooms/50287188,,,,,
2023-12-23,2024-01-22,2024-01-25,"Chic Condo, Spacious, Game Room, Ideal Location","Entire rental unit in Four Corners, Florida",https://www.airbnb.com/rooms/972551791576367216,,,,,
2023-12-23,2024-01-22,2024-01-25,,,https://www.airbnb.com/rooms/52715413,$997 ,,,,
2023-12-23,2024-01-22,2024-01-25,ICON Coral Condo | Free Pool Spa HotTub,"Entire rental unit in Miami, Florida",https://www.airbnb.com/rooms/813144546737768657,,,,,
2023-12-23,2024-01-22,2024-01-25,*ICONIC W ICON CONDO- POOL & OCEAN VIEWS -FREESPA*,"Entire rental unit in Miami, Florida",https://www.airbnb.com/rooms/52204247,,,,,
2023-12-23,2024-01-22,2024-01-25,,,https://www.airbnb.com/rooms/28495929,$997 ,,,,
2023-12-23,2024-01-22,2024-01-25,Icon Brickell Luxury 1/1 Pool!,"Entire rental unit in Miami, Florida",https://www.airbnb.com/rooms/887635284203805688,,,,,
2023-12-24,2024-01-23,2024-01-26,Unleash the Fun 2BR Condo Sleeps 7,"Entire condo in Four Corners, Florida",https://www.airbnb.com/rooms/53783060,,,,,
2023-12-24,2024-01-23,2024-01-26,Special Offer Champions Gate 2Bedr 2 Bath ME1059,"Entire rental unit in Four Corners, Florida",https://www.airbnb.com/rooms/555296618368262573,,,,,
2023-12-24,2024-01-23,2024-01-26,Champions Gate Free Waterpark CR1147,"Entire rental unit in Four Corners, Florida",https://www.airbnb.com/rooms/52715414,,,,,
2023-12-24,2024-01-23,2024-01-26,"Free Clubhouse, 2-BDR Retreat!","Entire villa in Four Corners, Florida",https://www.airbnb.com/rooms/573879761085146337,,,,,
2023-12-24,2024-01-23,2024-01-26,Relaxing 2BR condo W/Game Room &2 Clubhouses,"Entire condo in Four Corners, Florida",https://www.airbnb.com/rooms/50955338,,,,,
2023-12-24,2024-01-23,2024-01-26,Charming Entire 2BR W/Game Room & 2 Clubhouses,"Entire condo in Four Corners, Florida",https://www.airbnb.com/rooms/53784975,,,,,
2023-12-24,2024-01-23,2024-01-26,"Luxury 2BR Condo: Game Room, Pool, Disney Nearby","Entire home in CHAMPIONS GT, Florida",https://www.airbnb.com/rooms/50287188,,,,,
2023-12-24,2024-01-23,2024-01-26,"Chic Condo, Spacious, Game Room, Ideal Location","Entire rental unit in Four Corners, Florida",https://www.airbnb.com/rooms/972551791576367216,,,,,
2023-12-24,2024-01-23,2024-01-26,,,https://www.airbnb.com/rooms/52715413,$85 ,,,,
2023-12-24,2024-01-23,2024-01-26,ICON Coral Condo | Free Pool Spa HotTub,"Entire rental unit in Miami, Florida",https://www.airbnb.com/rooms/813144546737768657,,,,,
2023-12-24,2024-01-23,2024-01-26,*ICONIC W ICON CONDO- POOL & OCEAN VIEWS -FREESPA*,"Entire rental unit in Miami, Florida",https://www.airbnb.com/rooms/52204247,,,,,
2023-12-24,2024-01-23,2024-01-26,,,https://www.airbnb.com/rooms/28495929,$85 ,,,,
2023-12-24,2024-01-23,2024-01-26,Icon Brickell Luxury 1/1 Pool!,"Entire rental unit in Miami, Florida",https://www.airbnb.com/rooms/887635284203805688,,,,,
2023-12-25,2024-01-24,2024-01-27,Unleash the Fun 2BR Condo Sleeps 7,"Entire condo in Four Corners, Florida",https://www.airbnb.com/rooms/53783060,,,,,
2023-12-25,2024-01-24,2024-01-27,Special Offer Champions Gate 2Bedr 2 Bath ME1059,"Entire rental unit in Four Corners, Florida",https://www.airbnb.com/rooms/555296618368262573,,,,,
2023-12-25,2024-01-24,2024-01-27,Champions Gate Free Waterpark CR1147,"Entire rental unit in Four Corners, Florida",https://www.airbnb.com/rooms/52715414,,,,,
2023-12-25,2024-01-24,2024-01-27,"Free Clubhouse, 2-BDR Retreat!","Entire villa in Four Corners, Florida",https://www.airbnb.com/rooms/573879761085146337,,,,,
2023-12-25,2024-01-24,2024-01-27,Relaxing 2BR condo W/Game Room &2 Clubhouses,"Entire condo in Four Corners, Florida",https://www.airbnb.com/rooms/50955338,,,,,
2023-12-25,2024-01-24,2024-01-27,Charming Entire 2BR W/Game Room & 2 Clubhouses,"Entire condo in Four Corners, Florida",https://www.airbnb.com/rooms/53784975,,,,,
2023-12-25,2024-01-24,2024-01-27,"Luxury 2BR Condo: Game Room, Pool, Disney Nearby","Entire home in CHAMPIONS GT, Florida",https://www.airbnb.com/rooms/50287188,,,,,
2023-12-25,2024-01-24,2024-01-27,"Chic Condo, Spacious, Game Room, Ideal Location","Entire rental unit in Four Corners, Florida",https://www.airbnb.com/rooms/972551791576367216,,,,,
2023-12-25,2024-01-24,2024-01-27,,,https://www.airbnb.com/rooms/52715413,$294 ,,,,
2023-12-25,2024-01-24,2024-01-27,ICON Coral Condo | Free Pool Spa HotTub,"Entire rental unit in Miami, Florida",https://www.airbnb.com/rooms/813144546737768657,$339 ,,,,
2023-12-25,2024-01-24,2024-01-27,*ICONIC W ICON CONDO- POOL & OCEAN VIEWS -FREESPA*,"Entire rental unit in Miami, Florida",https://www.airbnb.com/rooms/52204247,,,,,
2023-12-25,2024-01-24,2024-01-27,,,https://www.airbnb.com/rooms/28495929,$294 ,,,,
2023-12-25,2024-01-24,2024-01-27,Icon Brickell Luxury 1/1 Pool!,"Entire rental unit in Miami, Florida",https://www.airbnb.com/rooms/887635284203805688,,,,,
2023-12-26,2024-01-25,2024-01-28,Unleash the Fun 2BR Condo Sleeps 7,"Entire condo in Four Corners, Florida",https://www.airbnb.com/rooms/53783060,,,,,
2023-12-26,2024-01-25,2024-01-28,Special Offer Champions Gate 2Bedr 2 Bath ME1059,"Entire rental unit in Four Corners, Florida",https://www.airbnb.com/rooms/555296618368262573,,,,,
2023-12-26,2024-01-25,2024-01-28,Champions Gate Free Waterpark CR1147,"Entire rental unit in Four Corners, Florida",https://www.airbnb.com/rooms/52715414,,,,,
2023-12-26,2024-01-25,2024-01-28,"Free Clubhouse, 2-BDR Retreat!","Entire villa in Four Corners, Florida",https://www.airbnb.com/rooms/573879761085146337,,,,,
2023-12-26,2024-01-25,2024-01-28,Dreamy 2BR condo W/Game Room &2 Clubhouses,"Entire condo in Four Corners, Florida",https://www.airbnb.com/rooms/50955338,,,,,
2023-12-26,2024-01-25,2024-01-28,Family Fun Entire 2BR W/Game Room & 2 Clubhouses,"Entire condo in Four Corners, Florida",https://www.airbnb.com/rooms/53784975,,,,,
2023-12-26,2024-01-25,2024-01-28,"Luxury 2BR Condo: Game Room, Pool, Disney Nearby","Entire home in CHAMPIONS GT, Florida",https://www.airbnb.com/rooms/50287188,,,,,
2023-12-26,2024-01-25,2024-01-28,"Chic Condo, Spacious, Game Room, Ideal Location","Entire rental unit in Four Corners, Florida",https://www.airbnb.com/rooms/972551791576367216,,,,,
2023-12-26,2024-01-25,2024-01-28,,,https://www.airbnb.com/rooms/52715413,$997 ,,,,
2023-12-26,2024-01-25,2024-01-28,ICON Coral Condo | Free Pool Spa HotTub,"Entire rental unit in Miami, Florida",https://www.airbnb.com/rooms/813144546737768657,$399 ,,,,
2023-12-26,2024-01-25,2024-01-28,*ICONIC W ICON CONDO- POOL & OCEAN VIEWS -FREESPA*,"Entire rental unit in Miami, Florida",https://www.airbnb.com/rooms/52204247,,,,,
2023-12-26,2024-01-25,2024-01-28,,,https://www.airbnb.com/rooms/28495929,$997 ,,,,
2023-12-26,2024-01-25,2024-01-28,Icon Brickell Luxury 1/1 Pool!,"Entire rental unit in Miami, Florida",https://www.airbnb.com/rooms/887635284203805688,,,,,
2023-12-27,2024-01-26,2024-01-29,Unleash the Fun 2BR Condo Sleeps 7,"Entire condo in Four Corners, Florida",https://www.airbnb.com/rooms/53783060,,,,,
2023-12-27,2024-01-26,2024-01-29,Special Offer Champions Gate 2Bedr 2 Bath ME1059,"Entire rental unit in Four Corners, Florida",https://www.airbnb.com/rooms/555296618368262573,,,,,
2023-12-27,2024-01-26,2024-01-29,Champions Gate Free Waterpark CR1147,"Entire rental unit in Four Corners, Florida",https://www.airbnb.com/rooms/52715414,,,,,
2023-12-27,2024-01-26,2024-01-29,"Free Clubhouse, 2-BDR Retreat!","Entire villa in Four Corners, Florida",https://www.airbnb.com/rooms/573879761085146337,,,,,
2023-12-27,2024-01-26,2024-01-29,Dreamy 2BR condo W/Game Room &2 Clubhouses,"Entire condo in Four Corners, Florida",https://www.airbnb.com/rooms/50955338,,,,,
2023-12-27,2024-01-26,2024-01-29,Family Fun Entire 2BR W/Game Room & 2 Clubhouses,"Entire condo in Four Corners, Florida",https://www.airbnb.com/rooms/53784975,,,,,
2023-12-27,2024-01-26,2024-01-29,"Luxury 2BR Condo: Game Room, Pool, Disney Nearby","Entire home in CHAMPIONS GT, Florida",https://www.airbnb.com/rooms/50287188,,,,,
2023-12-27,2024-01-26,2024-01-29,"Chic Condo, Spacious, Game Room, Ideal Location","Entire rental unit in Four Corners, Florida",https://www.airbnb.com/rooms/972551791576367216,,,,,
2023-12-27,2024-01-26,2024-01-29,,,https://www.airbnb.com/rooms/52715413,$169 ,,,,
2023-12-27,2024-01-26,2024-01-29,ICON Coral Condo | Free Pool Spa HotTub,"Entire rental unit in Miami, Florida",https://www.airbnb.com/rooms/813144546737768657,$399 ,,,,
2023-12-27,2024-01-26,2024-01-29,*ICONIC W ICON CONDO- POOL & OCEAN VIEWS -FREESPA*,"Entire rental unit in Miami, Florida",https://www.airbnb.com/rooms/52204247,,,,,
2023-12-27,2024-01-26,2024-01-29,,,https://www.airbnb.com/rooms/28495929,$169 ,,,,
2023-12-27,2024-01-26,2024-01-29,Icon Brickell Luxury 1/1 Pool!,"Entire rental unit in Miami, Florida",https://www.airbnb.com/rooms/887635284203805688,,,,,
2023-12-28,2024-01-27,2024-01-30,Unleash the Fun 2BR Condo Sleeps 7,"Entire condo in Four Corners, Florida",https://www.airbnb.com/rooms/53783060,,,,,
2023-12-28,2024-01-27,2024-01-30,Special Offer Champions Gate 2Bedr 2 Bath ME1059,"Entire rental unit in Four Corners, Florida",https://www.airbnb.com/rooms/555296618368262573,,,,,
2023-12-28,2024-01-27,2024-01-30,Champions Gate Free Waterpark CR1147,"Entire rental unit in Four Corners, Florida",https://www.airbnb.com/rooms/52715414,,,,,
2023-12-28,2024-01-27,2024-01-30,"Free Clubhouse, 2-BDR Retreat!","Entire villa in Four Corners, Florida",https://www.airbnb.com/rooms/573879761085146337,,,,,
2023-12-28,2024-01-27,2024-01-30,Dreamy 2BR condo W/Game Room &2 Clubhouses,"Entire condo in Four Corners, Florida",https://www.airbnb.com/rooms/50955338,,,,,
2023-12-28,2024-01-27,2024-01-30,Family Fun Entire 2BR W/Game Room & 2 Clubhouses,"Entire condo in Four Corners, Florida",https://www.airbnb.com/rooms/53784975,,,,,
2023-12-28,2024-01-27,2024-01-30,"Luxury 2BR Condo: Game Room, Pool, Disney Nearby","Entire home in CHAMPIONS GT, Florida",https://www.airbnb.com/rooms/50287188,,,,,
2023-12-28,2024-01-27,2024-01-30,"Chic Condo, Spacious, Game Room, Ideal Location","Entire rental unit in Four Corners, Florida",https://www.airbnb.com/rooms/972551791576367216,,,,,
2023-12-28,2024-01-27,2024-01-30,,,https://www.airbnb.com/rooms/52715413,$85 ,,,,
2023-12-28,2024-01-27,2024-01-30,ICON Coral Condo | Free Pool Spa HotTub,"Entire rental unit in Miami, Florida",https://www.airbnb.com/rooms/813144546737768657,$341 ,,,,
2023-12-28,2024-01-27,2024-01-30,*ICONIC W ICON CONDO- POOL & OCEAN VIEWS -FREESPA*,"Entire rental unit in Miami, Florida",https://www.airbnb.com/rooms/52204247,,,,,
2023-12-28,2024-01-27,2024-01-30,,,https://www.airbnb.com/rooms/28495929,$85 ,,,,
2023-12-28,2024-01-27,2024-01-30,Icon Brickell Luxury 1/1 Pool!,"Entire rental unit in Miami, Florida",https://www.airbnb.com/rooms/887635284203805688,,,,,
2023-12-29,2024-01-28,2024-01-31,Unleash the Fun 2BR Condo Sleeps 7,"Entire condo in Four Corners, Florida",https://www.airbnb.com/rooms/53783060,,,,,
2023-12-29,2024-01-28,2024-01-31,Special Offer Champions Gate 2Bedr 2 Bath ME1059,"Entire rental unit in Four Corners, Florida",https://www.airbnb.com/rooms/555296618368262573,,,,,
2023-12-29,2024-01-28,2024-01-31,Champions Gate Free Waterpark CR1147,"Entire rental unit in Four Corners, Florida",https://www.airbnb.com/rooms/52715414,$110 ,,,,
2023-12-29,2024-01-28,2024-01-31,"Free Clubhouse, 2-BDR Retreat!","Entire villa in Four Corners, Florida",https://www.airbnb.com/rooms/573879761085146337,,,,,
2023-12-29,2024-01-28,2024-01-31,Dreamy 2BR condo W/Game Room &2 Clubhouses,"Entire condo in Four Corners, Florida",https://www.airbnb.com/rooms/50955338,,,,,
2023-12-29,2024-01-28,2024-01-31,Family Fun Entire 2BR W/Game Room & 2 Clubhouses,"Entire condo in Four Corners, Florida",https://www.airbnb.com/rooms/53784975,,,,,
2023-12-29,2024-01-28,2024-01-31,"Luxury 2BR Condo: Game Room, Pool, Disney Nearby","Entire home in CHAMPIONS GT, Florida",https://www.airbnb.com/rooms/50287188,,,,,
2023-12-29,2024-01-28,2024-01-31,"Chic Condo, Spacious, Game Room, Ideal Location","Entire rental unit in Four Corners, Florida",https://www.airbnb.com/rooms/972551791576367216,,,,,
2023-12-29,2024-01-28,2024-01-31,,,https://www.airbnb.com/rooms/52715413,$85 ,,,,
2023-12-29,2024-01-28,2024-01-31,ICON Coral Condo | Free Pool Spa HotTub,"Entire rental unit in Miami, Florida",https://www.airbnb.com/rooms/813144546737768657,$272 ,,,,
2023-12-29,2024-01-28,2024-01-31,*ICONIC W ICON CONDO- POOL & OCEAN VIEWS -FREESPA*,"Entire rental unit in Miami, Florida",https://www.airbnb.com/rooms/52204247,,,,,
2023-12-29,2024-01-28,2024-01-31,,,https://www.airbnb.com/rooms/28495929,$85 ,,,,
2023-12-29,2024-01-28,2024-01-31,Icon Brickell Luxury 1/1 Pool!,"Entire rental unit in Miami, Florida",https://www.airbnb.com/rooms/887635284203805688,,,,,
2023-12-30,2024-01-29,2024-02-01,Unleash the Fun 2BR Condo Sleeps 7,"Entire condo in Four Corners, Florida",https://www.airbnb.com/rooms/53783060,,,,,
2023-12-30,2024-01-29,2024-02-01,Special Offer Champions Gate 2Bedr 2 Bath ME1059,"Entire rental unit in Four Corners, Florida",https://www.airbnb.com/rooms/555296618368262573,,,,,
2023-12-30,2024-01-29,2024-02-01,Champions Gate Free Waterpark CR1147,"Entire rental unit in Four Corners, Florida",https://www.airbnb.com/rooms/52715414,$110 ,,,,
2023-12-30,2024-01-29,2024-02-01,"Free Clubhouse, 2-BDR Retreat!","Entire villa in Four Corners, Florida",https://www.airbnb.com/rooms/573879761085146337,,,,,
2023-12-30,2024-01-29,2024-02-01,Dreamy 2BR condo W/Game Room &2 Clubhouses,"Entire condo in Four Corners, Florida",https://www.airbnb.com/rooms/50955338,,,,,
2023-12-30,2024-01-29,2024-02-01,Family Fun Entire 2BR W/Game Room & 2 Clubhouses,"Entire condo in Four Corners, Florida",https://www.airbnb.com/rooms/53784975,,,,,
2023-12-30,2024-01-29,2024-02-01,"Luxury 2BR Condo: Game Room, Pool, Disney Nearby","Entire home in CHAMPIONS GT, Florida",https://www.airbnb.com/rooms/50287188,,,,,
2023-12-30,2024-01-29,2024-02-01,"Chic Condo, Spacious, Game Room, Ideal Location","Entire rental unit in Four Corners, Florida",https://www.airbnb.com/rooms/972551791576367216,,,,,
2023-12-30,2024-01-29,2024-02-01,,,https://www.airbnb.com/rooms/52715413,$294 ,,,,
2023-12-30,2024-01-29,2024-02-01,ICON Coral Condo | Free Pool Spa HotTub,"Entire rental unit in Miami, Florida",https://www.airbnb.com/rooms/813144546737768657,$215 ,,,,
2023-12-30,2024-01-29,2024-02-01,*ICONIC W ICON CONDO- POOL & OCEAN VIEWS -FREESPA*,"Entire rental unit in Miami, Florida",https://www.airbnb.com/rooms/52204247,,,,,
2023-12-30,2024-01-29,2024-02-01,,,https://www.airbnb.com/rooms/28495929,$294 ,,,,
2023-12-30,2024-01-29,2024-02-01,Icon Brickell Luxury 1/1 Pool!,"Entire rental unit in Miami, Florida",https://www.airbnb.com/rooms/887635284203805688,,,,,
2023-12-31,2024-01-30,2024-02-02,Unleash the Fun 2BR Condo Sleeps 7,"Entire condo in Four Corners, Florida",https://www.airbnb.com/rooms/53783060,,,,,
2023-12-31,2024-01-30,2024-02-02,Special Offer Champions Gate 2Bedr 2 Bath ME1059,"Entire rental unit in Four Corners, Florida",https://www.airbnb.com/rooms/555296618368262573,,,,,
2023-12-31,2024-01-30,2024-02-02,Champions Gate Free Waterpark CR1147,"Entire rental unit in Four Corners, Florida",https://www.airbnb.com/rooms/52715414,$116 ,,,,
2023-12-31,2024-01-30,2024-02-02,"Free Clubhouse, 2-BDR Retreat!","Entire villa in Four Corners, Florida",https://www.airbnb.com/rooms/573879761085146337,,,,,
2023-12-31,2024-01-30,2024-02-02,Dreamy 2BR condo W/Game Room &2 Clubhouses,"Entire condo in Four Corners, Florida",https://www.airbnb.com/rooms/50955338,,,,,
2023-12-31,2024-01-30,2024-02-02,Family Fun Entire 2BR W/Game Room & 2 Clubhouses,"Entire condo in Four Corners, Florida",https://www.airbnb.com/rooms/53784975,,,,,
2023-12-31,2024-01-30,2024-02-02,"Luxury 2BR Condo: Game Room, Pool, Disney Nearby","Entire home in CHAMPIONS GT, Florida",https://www.airbnb.com/rooms/50287188,,,,,
2023-12-31,2024-01-30,2024-02-02,"Chic Condo, Spacious, Game Room, Ideal Location","Entire rental unit in Four Corners, Florida",https://www.airbnb.com/rooms/972551791576367216,,,,,
2023-12-31,2024-01-30,2024-02-02,,,https://www.airbnb.com/rooms/52715413,$275 ,,,,
2023-12-31,2024-01-30,2024-02-02,ICON Coral Condo | Free Pool Spa HotTub,"Entire rental unit in Miami, Florida",https://www.airbnb.com/rooms/813144546737768657,$217 ,,,,
2023-12-31,2024-01-30,2024-02-02,*ICONIC W ICON CONDO- POOL & OCEAN VIEWS -FREESPA*,"Entire rental unit in Miami, Florida",https://www.airbnb.com/rooms/52204247,,,,,
2023-12-31,2024-01-30,2024-02-02,,,https://www.airbnb.com/rooms/28495929,$275 ,,,,
2023-12-31,2024-01-30,2024-02-02,Icon Brickell Luxury 1/1 Pool!,"Entire rental unit in Miami, Florida",https://www.airbnb.com/rooms/887635284203805688,,,,,
2024-01-01,2024-01-31,2024-02-03,Unleash the Fun 2BR Condo Sleeps 7,"Entire condo in Four Corners, Florida",https://www.airbnb.com/rooms/53783060,,,,,
2024-01-01,2024-01-31,2024-02-03,Special Offer Champions Gate 2Bedr 2 Bath ME1059,"Entire rental unit in Four Corners, Florida",https://www.airbnb.com/rooms/555296618368262573,,,,,
2024-01-01,2024-01-31,2024-02-03,Champions Gate Free Waterpark CR1147,"Entire rental unit in Four Corners, Florida",https://www.airbnb.com/rooms/52715414,$128 ,,,,
2024-01-01,2024-01-31,2024-02-03,"Free Clubhouse, 2-BDR Retreat!","Entire villa in Four Corners, Florida",https://www.airbnb.com/rooms/573879761085146337,,,,,
2024-01-01,2024-01-31,2024-02-03,Dreamy 2BR condo W/Game Room &2 Clubhouses,"Entire condo in Four Corners, Florida",https://www.airbnb.com/rooms/50955338,,,,,
2024-01-01,2024-01-31,2024-02-03,Family Fun Entire 2BR W/Game Room & 2 Clubhouses,"Entire condo in Four Corners, Florida",https://www.airbnb.com/rooms/53784975,,,,,
2024-01-01,2024-01-31,2024-02-03,"Luxury 2BR Condo: Game Room, Pool, Disney Nearby","Entire home in CHAMPIONS GT, Florida",https://www.airbnb.com/rooms/50287188,,,,,
2024-01-01,2024-01-31,2024-02-03,"Chic Condo, Spacious, Game Room, Ideal Location","Entire rental unit in Four Corners, Florida",https://www.airbnb.com/rooms/972551791576367216,,,,,
2024-01-01,2024-01-31,2024-02-03,,,https://www.airbnb.com/rooms/52715413,$94 ,,,,
2024-01-01,2024-01-31,2024-02-03,ICON Coral Condo | Free Pool Spa HotTub,"Entire rental unit in Miami, Florida",https://www.airbnb.com/rooms/813144546737768657,$232 ,,,,
2024-01-01,2024-01-31,2024-02-03,*ICONIC W ICON CONDO- POOL & OCEAN VIEWS -FREESPA*,"Entire rental unit in Miami, Florida",https://www.airbnb.com/rooms/52204247,,,,,
2024-01-01,2024-01-31,2024-02-03,,,https://www.airbnb.com/rooms/28495929,$94 ,,,,
2024-01-01,2024-01-31,2024-02-03,Icon Brickell Luxury 1/1 Pool!,"Entire rental unit in Miami, Florida",https://www.airbnb.com/rooms/887635284203805688,,,,,
2024-01-02,2024-02-01,2024-02-04,Unleash the Fun 2BR Condo Sleeps 7,"Entire condo in Four Corners, Florida",https://www.airbnb.com/rooms/53783060,,,,,
2024-01-02,2024-02-01,2024-02-04,Special Offer Champions Gate 2Bedr 2 Bath ME1059,"Entire rental unit in Four Corners, Florida",https://www.airbnb.com/rooms/555296618368262573,,,,,
2024-01-02,2024-02-01,2024-02-04,Champions Gate Free Waterpark CR1147,"Entire rental unit in Four Corners, Florida",https://www.airbnb.com/rooms/52715414,$141 ,,,,
2024-01-02,2024-02-01,2024-02-04,"Free Clubhouse, 2-BDR Retreat!","Entire villa in Four Corners, Florida",https://www.airbnb.com/rooms/573879761085146337,,,,,
2024-01-02,2024-02-01,2024-02-04,Dreamy 2BR condo W/Game Room &2 Clubhouses,"Entire condo in Four Corners, Florida",https://www.airbnb.com/rooms/50955338,,,,,
2024-01-02,2024-02-01,2024-02-04,Family Fun Entire 2BR W/Game Room & 2 Clubhouses,"Entire condo in Four Corners, Florida",https://www.airbnb.com/rooms/53784975,,,,,
2024-01-02,2024-02-01,2024-02-04,"Luxury 2BR Condo: Game Room, Pool, Disney Nearby","Entire home in CHAMPIONS GT, Florida",https://www.airbnb.com/rooms/50287188,,,,,
2024-01-02,2024-02-01,2024-02-04,"Chic Condo, Spacious, Game Room, Ideal Location","Entire rental unit in Four Corners, Florida",https://www.airbnb.com/rooms/972551791576367216,,,,,
2024-01-02,2024-02-01,2024-02-04,,,https://www.airbnb.com/rooms/52715413,$94 ,,,,
2024-01-02,2024-02-01,2024-02-04,ICON Coral Condo | Free Pool Spa HotTub,"Entire rental unit in Miami, Florida",https://www.airbnb.com/rooms/813144546737768657,$247 ,,,,
2024-01-02,2024-02-01,2024-02-04,*ICONIC W ICON CONDO- POOL & OCEAN VIEWS -FREESPA*,"Entire rental unit in Miami, Florida",https://www.airbnb.com/rooms/52204247,,,,,
2024-01-02,2024-02-01,2024-02-04,,,https://www.airbnb.com/rooms/28495929,$94 ,,,,
2024-01-02,2024-02-01,2024-02-04,Icon Brickell Luxury 1/1 Pool!,"Entire rental unit in Miami, Florida",https://www.airbnb.com/rooms/887635284203805688,,,,,
2024-01-03,2024-02-02,2024-02-05,Unleash the Fun 2BR Condo Sleeps 7,"Entire condo in Four Corners, Florida",https://www.airbnb.com/rooms/53783060,,,,,
2024-01-03,2024-02-02,2024-02-05,Special Offer Champions Gate 2Bedr 2 Bath ME1059,"Entire rental unit in Four Corners, Florida",https://www.airbnb.com/rooms/555296618368262573,,,,,
2024-01-03,2024-02-02,2024-02-05,Champions Gate Free Waterpark CR1147,"Entire rental unit in Four Corners, Florida",https://www.airbnb.com/rooms/52715414,$141 ,,,,
2024-01-03,2024-02-02,2024-02-05,"Free Clubhouse, 2-BDR Retreat!","Entire villa in Four Corners, Florida",https://www.airbnb.com/rooms/573879761085146337,,,,,
2024-01-03,2024-02-02,2024-02-05,Dreamy 2BR condo W/Game Room &2 Clubhouses,"Entire condo in Four Corners, Florida",https://www.airbnb.com/rooms/50955338,,,,,
2024-01-03,2024-02-02,2024-02-05,Superb 2BR W/Game Room &Water Park,"Entire condo in Four Corners, Florida",https://www.airbnb.com/rooms/53784975,,,,,
2024-01-03,2024-02-02,2024-02-05,"Luxury 2BR Condo: Game Room, Pool, Disney Nearby","Entire home in CHAMPIONS GT, Florida",https://www.airbnb.com/rooms/50287188,,,,,
2024-01-03,2024-02-02,2024-02-05,"Chic Condo, Spacious, Game Room, Ideal Location","Entire rental unit in Four Corners, Florida",https://www.airbnb.com/rooms/972551791576367216,,,,,
2024-01-03,2024-02-02,2024-02-05,,,https://www.airbnb.com/rooms/52715413,$879 ,,,,
2024-01-03,2024-02-02,2024-02-05,ICON Coral Condo | Free Pool Spa HotTub,"Entire rental unit in Miami, Florida",https://www.airbnb.com/rooms/813144546737768657,$248 ,,,,
2024-01-03,2024-02-02,2024-02-05,*ICONIC W ICON CONDO- POOL & OCEAN VIEWS -FREESPA*,"Entire rental unit in Miami, Florida",https://www.airbnb.com/rooms/52204247,,,,,
2024-01-03,2024-02-02,2024-02-05,,,https://www.airbnb.com/rooms/28495929,$879 ,,,,
2024-01-03,2024-02-02,2024-02-05,Icon Brickell Luxury 1/1 Pool!,"Entire rental unit in Miami, Florida",https://www.airbnb.com/rooms/887635284203805688,,,,,
2024-01-04,2024-02-03,2024-02-06,Unleash the Fun 2BR Condo Sleeps 7,"Entire condo in Four Corners, Florida",https://www.airbnb.com/rooms/53783060,,,,,
2024-01-04,2024-02-03,2024-02-06,Special Offer Champions Gate 2Bedr 2 Bath ME1059,"Entire rental unit in Four Corners, Florida",https://www.airbnb.com/rooms/555296618368262573,,,,,
2024-01-04,2024-02-03,2024-02-06,Champions Gate Free Waterpark CR1147,"Entire rental unit in Four Corners, Florida",https://www.airbnb.com/rooms/52715414,$134 ,,,,
2024-01-04,2024-02-03,2024-02-06,"Free Clubhouse, 2-BDR Retreat!","Entire villa in Four Corners, Florida",https://www.airbnb.com/rooms/573879761085146337,,,,,
2024-01-04,2024-02-03,2024-02-06,Dreamy Thematic 2BR W/Game Room & Waterpark,"Entire condo in Four Corners, Florida",https://www.airbnb.com/rooms/50955338,,,,,
2024-01-04,2024-02-03,2024-02-06,Superb 2BR W/Game Room &Water Park,"Entire condo in Four Corners, Florida",https://www.airbnb.com/rooms/53784975,,,,,
2024-01-04,2024-02-03,2024-02-06,"Luxury 2BR Condo: Game Room, Pool, Disney Nearby","Entire home in CHAMPIONS GT, Florida",https://www.airbnb.com/rooms/50287188,,,,,
2024-01-04,2024-02-03,2024-02-06,"Chic Condo, Spacious, Game Room, Ideal Location","Entire rental unit in Four Corners, Florida",https://www.airbnb.com/rooms/972551791576367216,,,,,
2024-01-04,2024-02-03,2024-02-06,,,https://www.airbnb.com/rooms/52715413,$276 ,,,,
2024-01-04,2024-02-03,2024-02-06,ICON Coral Condo | Free Pool Spa HotTub,"Entire rental unit in Miami, Florida",https://www.airbnb.com/rooms/813144546737768657,$236 ,,,,
2024-01-04,2024-02-03,2024-02-06,*ICONIC W ICON CONDO- POOL & OCEAN VIEWS -FREESPA*,"Entire rental unit in Miami, Florida",https://www.airbnb.com/rooms/52204247,,,,,
2024-01-04,2024-02-03,2024-02-06,,,https://www.airbnb.com/rooms/28495929,$276 ,,,,
2024-01-04,2024-02-03,2024-02-06,Icon Brickell Luxury 1/1 Pool!,"Entire rental unit in Miami, Florida",https://www.airbnb.com/rooms/887635284203805688,,,,,
2024-01-05,2024-02-04,2024-02-07,Unleash the Fun 2BR Condo Sleeps 7,"Entire condo in Four Corners, Florida",https://www.airbnb.com/rooms/53783060,,,,,
2024-01-05,2024-02-04,2024-02-07,Special Offer Champions Gate 2Bedr 2 Bath ME1059,"Entire rental unit in Four Corners, Florida",https://www.airbnb.com/rooms/555296618368262573,,,,,
2024-01-05,2024-02-04,2024-02-07,Champions Gate Free Waterpark CR1147,"Entire rental unit in Four Corners, Florida",https://www.airbnb.com/rooms/52715414,$127 ,,,,
2024-01-05,2024-02-04,2024-02-07,"Free Clubhouse, 2-BDR Retreat!","Entire villa in Four Corners, Florida",https://www.airbnb.com/rooms/573879761085146337,,,,,
2024-01-05,2024-02-04,2024-02-07,Dreamy Thematic 2BR W/Game Room & Waterpark,"Entire condo in Four Corners, Florida",https://www.airbnb.com/rooms/50955338,,,,,
2024-01-05,2024-02-04,2024-02-07,Superb 2BR W/Game Room &Water Park,"Entire condo in Four Corners, Florida",https://www.airbnb.com/rooms/53784975,,,,,
2024-01-05,2024-02-04,2024-02-07,"Luxury 2BR Condo: Game Room, Pool, Disney Nearby","Entire home in CHAMPIONS GT, Florida",https://www.airbnb.com/rooms/50287188,,,,,
2024-01-05,2024-02-04,2024-02-07,"Chic Condo, Spacious, Game Room, Ideal Location","Entire rental unit in Four Corners, Florida",https://www.airbnb.com/rooms/972551791576367216,,,,,
2024-01-05,2024-02-04,2024-02-07,,,https://www.airbnb.com/rooms/52715413,$319 ,,,,
2024-01-05,2024-02-04,2024-02-07,ICON Coral Condo | Free Pool Spa HotTub,"Entire rental unit in Miami, Florida",https://www.airbnb.com/rooms/813144546737768657,$220 ,,,,
2024-01-05,2024-02-04,2024-02-07,*ICONIC W ICON CONDO- POOL & OCEAN VIEWS -FREESPA*,"Entire rental unit in Miami, Florida",https://www.airbnb.com/rooms/52204247,,,,,
2024-01-05,2024-02-04,2024-02-07,,,https://www.airbnb.com/rooms/28495929,$319 ,,,,
2024-01-05,2024-02-04,2024-02-07,Icon Brickell Luxury 1/1 Pool!,"Entire rental unit in Miami, Florida",https://www.airbnb.com/rooms/887635284203805688,,,,,
2024-01-06,2024-02-05,2024-02-08,Unleash the Fun 2BR Condo Sleeps 7,"Entire condo in Four Corners, Florida",https://www.airbnb.com/rooms/53783060,,,,,
2024-01-06,2024-02-05,2024-02-08,Special Offer Champions Gate 2Bedr 2 Bath ME1059,"Entire rental unit in Four Corners, Florida",https://www.airbnb.com/rooms/555296618368262573,,,,,
2024-01-06,2024-02-05,2024-02-08,Champions Gate Free Waterpark CR1147,"Entire rental unit in Four Corners, Florida",https://www.airbnb.com/rooms/52715414,$127 ,,,,
2024-01-06,2024-02-05,2024-02-08,"Free Clubhouse, 2-BDR Retreat!","Entire villa in Four Corners, Florida",https://www.airbnb.com/rooms/573879761085146337,,,,,
2024-01-06,2024-02-05,2024-02-08,Dreamy Thematic 2BR W/Game Room & Waterpark,"Entire condo in Four Corners, Florida",https://www.airbnb.com/rooms/50955338,,,,,
2024-01-06,2024-02-05,2024-02-08,Unique 2BR W/2 Clubhouses & Game Room,"Entire condo in Four Corners, Florida",https://www.airbnb.com/rooms/53784975,,,,,
2024-01-06,2024-02-05,2024-02-08,"Luxury 2BR Condo: Game Room, Pool, Disney Nearby","Entire home in CHAMPIONS GT, Florida",https://www.airbnb.com/rooms/50287188,,,,,
2024-01-06,2024-02-05,2024-02-08,"Chic Condo, Spacious, Game Room, Ideal Location","Entire rental unit in Four Corners, Florida",https://www.airbnb.com/rooms/972551791576367216,,,,,
2024-01-06,2024-02-05,2024-02-08,,,https://www.airbnb.com/rooms/52715413,$293 ,,,,
2024-01-06,2024-02-05,2024-02-08,ICON Coral Condo | Free Pool Spa HotTub,"Entire rental unit in Miami, Florida",https://www.airbnb.com/rooms/813144546737768657,,,,,
2024-01-06,2024-02-05,2024-02-08,*ICONIC W ICON CONDO- POOL & OCEAN VIEWS -FREESPA*,"Entire rental unit in Miami, Florida",https://www.airbnb.com/rooms/52204247,,,,,
2024-01-06,2024-02-05,2024-02-08,,,https://www.airbnb.com/rooms/28495929,$293 ,,,,
2024-01-06,2024-02-05,2024-02-08,Icon Brickell Luxury 1/1 Pool!,"Entire rental unit in Miami, Florida",https://www.airbnb.com/rooms/887635284203805688,,,,,
2024-01-07,2024-02-06,2024-02-09,Unleash the Fun 2BR Condo Sleeps 7,"Entire condo in Four Corners, Florida",https://www.airbnb.com/rooms/53783060,,,,,
2024-01-07,2024-02-06,2024-02-09,Special Offer Champions Gate 2Bedr 2 Bath ME1059,"Entire rental unit in Four Corners, Florida",https://www.airbnb.com/rooms/555296618368262573,,,,,
2024-01-07,2024-02-06,2024-02-09,Champions Gate Free Waterpark CR1147,"Entire rental unit in Four Corners, Florida",https://www.airbnb.com/rooms/52715414,$127 ,,,,
2024-01-07,2024-02-06,2024-02-09,"Free Clubhouse, 2-BDR Retreat!","Entire villa in Four Corners, Florida",https://www.airbnb.com/rooms/573879761085146337,,,,,
2024-01-07,2024-02-06,2024-02-09,Luxy 2BR W/Game Room & Waterpark,"Entire condo in Four Corners, Florida",https://www.airbnb.com/rooms/50955338,,,,,
2024-01-07,2024-02-06,2024-02-09,Unique 2BR W/2 Clubhouses & Game Room,"Entire condo in Four Corners, Florida",https://www.airbnb.com/rooms/53784975,,,,,
2024-01-07,2024-02-06,2024-02-09,"Luxury 2BR Condo: Game Room, Pool, Disney Nearby","Entire home in CHAMPIONS GT, Florida",https://www.airbnb.com/rooms/50287188,,,,,
2024-01-07,2024-02-06,2024-02-09,"Chic Condo, Spacious, Game Room, Ideal Location","Entire rental unit in Four Corners, Florida",https://www.airbnb.com/rooms/972551791576367216,,,,,
2024-01-07,2024-02-06,2024-02-09,,,https://www.airbnb.com/rooms/52715413,$794 ,,,,
2024-01-07,2024-02-06,2024-02-09,ICON Coral Condo | Free Pool Spa HotTub,"Entire rental unit in Miami, Florida",https://www.airbnb.com/rooms/813144546737768657,,,,,
2024-01-07,2024-02-06,2024-02-09,*ICONIC W ICON CONDO- POOL & OCEAN VIEWS -FREESPA*,"Entire rental unit in Miami, Florida",https://www.airbnb.com/rooms/52204247,,,,,
2024-01-07,2024-02-06,2024-02-09,,,https://www.airbnb.com/rooms/28495929,$794 ,,,,
2024-01-07,2024-02-06,2024-02-09,Icon Brickell Luxury 1/1 Pool!,"Entire rental unit in Miami, Florida",https://www.airbnb.com/rooms/887635284203805688,,,,,
